user_id,user_name,age,city,register_time
1,暨伟,56,杭州,2025-03-16
2,查萍,46,西安,2024-01-01
3,成宁,32,深圳,2025-08-03
4,苗健,60,武汉,2023-02-19
5,山伟,25,成都,2023-04-02
6,郎明,38,西安,2025-07-10
7,索刚,56,武汉,2025-07-01
8,邵萍,36,杭州,2025-05-08
9,栾玉,40,深圳,2024-10-04
10,李飞,28,武汉,2023-03-23
11,山红,28,武汉,2023-02-19
12,常龙,41,成都,2025-09-14
13,干磊,53,南京,2023-12-20
14,邢峰,57,深圳,2023-09-07
15,丁玉,41,西安,2023-08-30
16,施莲,20,杭州,2025-05-22
17,唐静,39,深圳,2023-06-01
18,姬艳,19,北京,2025-05-24
19,易珍,41,南京,2023-09-22
20,萧强,61,北京,2025-09-30
21,寇龙,47,杭州,2023-01-06
22,钟林,55,成都,2023-11-07
23,庞超,19,成都,2023-06-27
24,颜琴,38,杭州,2025-09-22
25,左峰,50,广州,2025-07-02
26,单华,29,杭州,2023-04-17
27,贾志,39,南京,2025-09-28
28,庾刚,61,上海,2023-06-04
29,须杰,42,成都,2023-02-18
30,武红,44,重庆,2023-06-04
31,暨华,59,南京,2024-05-07
32,卢明,45,南京,2023-01-15
33,朱洁,33,南京,2023-08-08
34,路涛,32,武汉,2025-09-14
35,却玲,64,南京,2024-10-16
36,匡洁,61,成都,2024-10-26
37,衡婷,20,上海,2023-04-06
38,强明,54,上海,2025-10-02
39,荆花,24,南京,2025-08-25
40,燕娟,38,北京,2024-03-07
41,扈凤,26,成都,2023-06-17
42,计平,56,成都,2025-06-10
43,白龙,35,深圳,2024-04-01
44,孔勇,21,西安,2024-08-21
45,易海,42,广州,2023-07-26
46,越秀,31,广州,2025-03-13
47,戚洁,26,北京,2024-09-20
48,庄云,43,广州,2025-03-31
49,杜华,19,深圳,2023-01-21
50,沙华,37,杭州,2024-08-27
51,闻琳,45,广州,2025-10-01
52,居丽,64,成都,2025-05-25
53,邱雪,24,杭州,2023-09-30
54,斜宁,61,广州,2024-03-10
55,毋云,25,成都,2023-11-12
56,公平,64,成都,2023-05-09
57,花艳,52,南京,2023-01-26
58,暨勇,31,上海,2025-02-03
59,龚刚,34,北京,2024-04-18
60,能志,53,深圳,2023-01-22
61,管芳,57,武汉,2023-12-08
62,任娟,21,西安,2025-02-08
63,胡强,19,广州,2024-01-08
64,屈磊,23,广州,2024-10-01
65,丰艳,59,杭州,2024-04-18
66,喻勇,21,杭州,2025-02-09
67,文莲,46,西安,2023-09-05
68,皮云,35,广州,2023-10-23
69,充玲,43,重庆,2023-09-09
70,党飞,61,深圳,2025-12-17
71,霍娜,51,广州,2025-10-13
72,耿娟,27,上海,2025-04-28
73,屠丽,53,西安,2024-03-12
74,董磊,31,重庆,2023-09-28
75,解健,48,深圳,2023-07-15
76,申健,65,广州,2023-04-30
77,计磊,32,武汉,2023-10-04
78,阚明,25,南京,2024-12-10
79,邹林,31,上海,2024-09-20
80,房平,40,武汉,2024-10-18
81,纪娜,57,杭州,2024-04-02
82,黎刚,38,杭州,2023-06-29
83,薛萍,33,广州,2025-09-09
84,龙玲,62,杭州,2025-06-20
85,鲁华,35,上海,2025-10-13
86,蓬梅,64,深圳,2024-06-11
87,靳莉,41,成都,2023-10-27
88,须华,43,北京,2024-08-17
89,弘强,42,西安,2025-11-13
90,家玉,62,深圳,2024-01-14
91,方涛,58,成都,2023-09-14
92,穆婷,46,重庆,2025-05-25
93,山辉,32,上海,2025-11-17
94,武林,62,武汉,2025-06-07
95,窦玉,18,成都,2025-10-27
96,逄强,42,上海,2024-05-24
97,满磊,24,南京,2023-01-12
98,权杰,26,武汉,2024-04-15
99,芮英,41,杭州,2024-11-27
100,贝娟,18,杭州,2025-01-14
101,陶超,61,武汉,2023-11-17
102,钱红,25,重庆,2024-02-02
103,斜梅,41,重庆,2023-12-19
104,勾婷,28,重庆,2024-06-16
105,穆玲,34,成都,2023-03-31
106,魏宁,25,西安,2025-05-05
107,虞强,52,成都,2024-01-12
108,燕云,52,广州,2024-03-17
109,能强,50,北京,2024-02-29
110,籍林,22,武汉,2025-12-26
111,黄志,59,深圳,2025-10-16
112,邹超,56,北京,2025-10-12
113,鲍健,58,南京,2024-06-14
114,别志,45,成都,2025-12-11
115,苏娜,24,成都,2024-05-20
116,扈晶,26,上海,2023-09-26
117,季华,25,北京,2023-12-20
118,空萍,29,上海,2025-09-23
119,强婷,51,深圳,2024-09-25
120,欧娟,50,上海,2025-09-24
121,万伟,65,北京,2024-07-17
122,戎磊,40,武汉,2024-05-17
123,莘平,41,南京,2024-07-09
124,强毅,54,成都,2025-01-23
125,贲彬,52,深圳,2024-09-26
126,祝霞,61,成都,2024-10-04
127,乐艳,57,广州,2024-02-03
128,谭秀,39,南京,2024-04-04
129,弘华,44,西安,2023-03-08
130,申晶,52,上海,2024-10-20
131,广彬,18,杭州,2023-12-01
132,雷丽,52,北京,2023-04-08
133,花辉,54,成都,2025-07-11
134,梅飞,64,上海,2023-05-15
135,宗华,31,深圳,2024-12-29
136,廖云,20,成都,2023-02-02
137,薄娟,18,西安,2025-10-07
138,严文,22,南京,2023-10-02
139,山敏,43,南京,2024-03-11
140,钱琳,31,成都,2025-02-14
141,岑雪,56,深圳,2025-01-15
142,查莲,44,南京,2023-10-20
143,辛莲,26,南京,2024-11-27
144,周磊,32,西安,2023-12-14
145,厍刚,32,北京,2025-12-15
146,尤珍,43,深圳,2025-05-13
147,姬波,59,深圳,2025-02-26
148,廉鹏,30,武汉,2024-05-03
149,左彬,49,武汉,2024-05-15
150,洪华,56,南京,2023-06-29
151,梁峰,49,杭州,2023-11-23
152,冉秀,21,武汉,2025-01-24
153,游毅,47,南京,2024-09-13
154,纪海,54,重庆,2024-08-01
155,元芳,40,广州,2023-11-12
156,卜玉,56,广州,2025-10-10
157,靳辉,62,深圳,2023-05-18
158,于超,32,杭州,2023-01-05
159,许萍,60,西安,2023-08-26
160,湛凤,46,北京,2024-07-07
161,樊明,53,武汉,2023-11-19
162,蒋超,30,重庆,2024-03-17
163,经莉,49,南京,2024-03-10
164,喻凤,24,杭州,2023-06-29
165,居娜,39,深圳,2024-12-18
166,闻芳,45,武汉,2024-03-10
167,柳雪,19,杭州,2024-10-05
168,边敏,59,武汉,2023-10-07
169,方凤,62,北京,2025-08-07
170,须梅,23,北京,2025-09-03
171,充超,45,西安,2025-02-20
172,寿辉,45,广州,2025-08-30
173,施芳,61,上海,2024-02-06
174,池峰,61,上海,2023-07-18
175,蓬华,37,武汉,2025-06-14
176,房娜,47,西安,2025-10-14
177,唐云,28,上海,2023-10-12
178,凌兰,45,深圳,2023-05-14
179,家莲,42,上海,2024-08-24
180,廉波,56,成都,2023-04-30
181,禄娜,50,南京,2023-10-16
182,游志,18,西安,2023-03-18
183,桑洁,44,深圳,2025-12-10
184,劳鹏,30,杭州,2024-05-05
185,林波,58,深圳,2024-07-05
186,通娟,20,广州,2024-02-09
187,伊娜,56,杭州,2025-07-30
188,贝玉,23,重庆,2023-08-19
189,关华,25,南京,2025-03-24
190,葛云,44,南京,2023-04-21
191,广静,26,南京,2025-02-08
192,竺华,54,南京,2025-11-22
193,凌海,50,武汉,2024-04-14
194,邵伟,59,南京,2024-03-31
195,张阳,61,南京,2023-10-17
196,连浩,41,南京,2023-01-10
197,邴飞,32,西安,2025-07-16
198,勾英,49,武汉,2024-11-16
199,甄勇,49,北京,2023-09-25
200,匡彬,41,深圳,2024-01-23
201,竺龙,58,深圳,2024-02-14
202,车杰,29,杭州,2023-12-26
203,勾敏,56,西安,2024-12-08
204,堵毅,19,成都,2025-06-27
205,史婷,20,深圳,2025-07-17
206,符琳,54,上海,2024-07-09
207,伊艳,34,成都,2023-08-06
208,劳娟,19,南京,2025-12-18
209,于娟,19,南京,2024-08-02
210,席亮,45,武汉,2025-10-14
211,终琳,40,成都,2024-06-09
212,池琴,54,上海,2025-02-06
213,舒娟,49,武汉,2025-12-03
214,章萍,50,杭州,2025-09-05
215,危兰,18,成都,2023-05-09
216,党勇,36,西安,2023-08-03
217,邬超,19,南京,2025-05-02
218,晁飞,61,南京,2024-05-11
219,贝波,43,广州,2025-03-28
220,芮莲,49,武汉,2024-07-26
221,刘敏,23,北京,2024-02-11
222,毛洁,49,北京,2024-05-21
223,燕林,21,武汉,2023-05-14
224,谌英,28,西安,2023-01-29
225,李霞,34,重庆,2023-10-12
226,权莉,55,武汉,2024-08-11
227,松阳,41,西安,2023-10-05
228,计梅,22,杭州,2023-09-18
229,黎超,51,南京,2024-08-24
230,干花,23,上海,2025-08-22
231,皮晶,39,重庆,2023-02-26
232,廉毅,28,成都,2024-07-16
233,羊磊,65,重庆,2024-01-28
234,衡婷,33,上海,2024-12-11
235,武强,50,广州,2024-07-07
236,季兰,26,南京,2024-03-25
237,米兰,23,北京,2025-04-13
238,干红,33,西安,2024-01-10
239,权红,46,武汉,2023-10-18
240,苏芳,20,武汉,2025-09-03
241,游峰,37,北京,2023-10-18
242,成龙,53,重庆,2023-04-03
243,满龙,36,南京,2024-07-21
244,杨涛,43,深圳,2023-01-16
245,褚明,20,西安,2025-05-24
246,费娜,36,杭州,2025-08-07
247,袁浩,37,上海,2024-11-08
248,融琳,49,重庆,2025-09-08
249,崔志,24,成都,2024-02-09
250,充龙,58,广州,2024-12-16
251,傅丽,50,武汉,2023-11-17
252,通毅,57,重庆,2023-01-16
253,霍洁,56,广州,2024-11-21
254,空磊,35,上海,2024-07-03
255,温军,57,武汉,2025-08-13
256,勾莉,18,武汉,2025-04-14
257,隆海,28,深圳,2024-02-20
258,雍峰,45,重庆,2023-10-18
259,苍娜,42,南京,2024-09-05
260,吉平,40,北京,2023-09-07
261,都芳,48,北京,2025-06-28
262,富丽,47,杭州,2025-08-20
263,全琴,59,成都,2024-05-31
264,祖波,52,广州,2023-09-28
265,元秀,24,重庆,2025-06-13
266,莘娟,33,西安,2025-02-10
267,班兰,43,成都,2025-02-10
268,祝辉,65,深圳,2025-08-19
269,暴龙,19,武汉,2023-03-09
270,符兰,18,南京,2023-03-05
271,韩莉,65,重庆,2025-09-08
272,卢阳,29,成都,2025-06-21
273,米玉,22,成都,2023-06-14
274,席红,54,南京,2025-10-15
275,庄莲,49,杭州,2025-07-27
276,吴磊,26,广州,2024-01-30
277,屈英,58,广州,2024-07-10
278,扶飞,52,成都,2023-06-15
279,叶娟,36,上海,2024-08-15
280,冯鹏,65,成都,2024-08-25
281,伏燕,33,成都,2025-12-22
282,项娜,20,南京,2024-12-26
283,边英,37,武汉,2024-08-03
284,申梅,41,南京,2023-12-07
285,荆凤,50,重庆,2023-08-13
286,冷红,41,成都,2023-11-19
287,樊萍,28,广州,2025-04-04
288,鲍斌,25,西安,2023-11-03
289,鲍涛,53,广州,2023-11-16
290,明红,55,北京,2025-09-09
291,乜丽,57,杭州,2024-08-16
292,尹萍,37,深圳,2025-12-03
293,包鹏,52,重庆,2025-12-24
294,王辉,65,重庆,2024-08-08
295,张刚,42,杭州,2024-09-16
296,徐文,52,西安,2025-03-11
297,权丽,42,深圳,2024-08-08
298,郑英,46,武汉,2025-09-10
299,司兰,35,成都,2025-10-12
300,平辉,63,深圳,2023-09-20
301,幸亮,35,西安,2025-05-31
302,谢英,19,上海,2023-01-03
303,水勇,52,北京,2024-02-12
304,郝静,33,深圳,2024-01-17
305,梁刚,58,深圳,2024-11-27
306,谌秀,53,北京,2023-07-13
307,庄龙,50,成都,2023-01-21
308,乔娟,21,深圳,2025-12-08
309,伊莉,50,北京,2023-10-20
310,尚霞,31,北京,2024-03-11
311,桑志,38,北京,2023-02-03
312,相龙,65,南京,2024-12-25
313,禹辉,37,西安,2024-10-18
314,寇杰,25,南京,2023-07-25
315,舒刚,24,上海,2024-01-25
316,窦伟,20,武汉,2024-06-26
317,储燕,34,南京,2024-11-04
318,别霞,50,南京,2024-02-04
319,朱鹏,65,西安,2025-08-19
320,辛燕,29,武汉,2025-09-22
321,斜华,39,杭州,2023-05-03
322,庞玉,39,北京,2023-01-27
323,古波,63,重庆,2023-04-09
324,袁文,47,武汉,2025-05-09
325,郝艳,55,上海,2025-09-28
326,滕强,55,成都,2023-06-17
327,皮秀,62,上海,2023-02-18
328,游娟,25,北京,2024-06-19
329,唐燕,44,武汉,2023-06-05
330,田红,44,上海,2023-06-25
331,丛娟,51,上海,2024-10-29
332,苏彬,38,杭州,2024-12-31
333,全秀,47,杭州,2025-10-19
334,杜磊,50,武汉,2023-05-26
335,宋龙,45,北京,2025-07-29
336,殳珍,64,南京,2023-02-03
337,何阳,50,广州,2024-12-15
338,蒙晶,22,深圳,2025-09-13
339,颜健,65,重庆,2024-04-27
340,班静,36,深圳,2024-04-15
341,詹梅,21,西安,2024-10-12
342,裘娜,52,杭州,2024-07-19
343,凤斌,34,武汉,2025-01-08
344,靳霞,61,深圳,2024-07-05
345,广艳,45,北京,2024-01-22
346,桓浩,47,重庆,2024-09-18
347,范红,46,深圳,2025-02-24
348,管龙,63,重庆,2024-12-03
349,家华,23,成都,2024-06-19
350,翟梅,52,北京,2023-07-06
351,华平,58,广州,2025-08-01
352,诸琴,54,上海,2024-09-14
353,伊涛,41,重庆,2023-10-06
354,贾毅,46,北京,2025-09-30
355,刁娟,63,重庆,2025-01-16
356,敖丽,48,重庆,2023-02-09
357,韩飞,52,南京,2024-08-20
358,于莲,50,南京,2024-09-22
359,王静,38,北京,2024-02-25
360,戴浩,49,南京,2023-10-24
361,酆阳,40,西安,2023-03-23
362,空云,50,广州,2025-01-25
363,辛梅,20,武汉,2024-12-25
364,郜萍,35,北京,2024-09-21
365,厉超,42,北京,2025-01-04
366,穆林,59,西安,2023-12-19
367,喻琳,48,杭州,2024-04-28
368,邴晶,20,杭州,2025-09-23
369,咸艳,57,南京,2025-02-07
370,钱花,63,武汉,2024-06-18
371,高莉,41,南京,2023-12-04
372,郝莲,49,成都,2023-04-30
373,郜兰,64,成都,2023-06-14
374,姬娟,39,上海,2023-04-27
375,昝飞,40,成都,2025-03-27
376,舒萍,19,杭州,2024-10-14
377,靳斌,44,广州,2023-05-07
378,荆燕,59,成都,2024-02-14
379,滑娜,19,南京,2023-01-09
380,满阳,43,重庆,2025-05-08
381,尤平,34,北京,2023-11-04
382,农莉,57,广州,2023-12-20
383,马丽,50,广州,2024-01-05
384,郁芳,26,南京,2025-06-01
385,沙波,60,北京,2023-01-18
386,匡磊,65,杭州,2023-07-23
387,詹兰,56,广州,2024-11-15
388,向琴,46,上海,2025-01-14
389,苏莉,59,南京,2023-01-10
390,沃兰,43,广州,2025-06-03
391,古莉,52,武汉,2024-01-21
392,翟志,42,北京,2023-09-21
393,喻文,41,成都,2024-03-19
394,隆萍,30,广州,2025-01-09
395,红波,24,南京,2025-09-09
396,昌浩,53,成都,2025-07-01
397,卞娟,62,上海,2024-04-30
398,韩斌,37,成都,2024-01-25
399,金凤,18,武汉,2023-10-04
400,龚婷,25,杭州,2025-05-23
401,祝珍,63,广州,2025-05-26
402,夔杰,33,深圳,2024-09-18
403,余志,31,深圳,2025-02-03
404,滑阳,29,成都,2024-05-28
405,扈明,40,西安,2024-07-03
406,武娟,32,北京,2025-04-20
407,蓝彬,45,深圳,2023-01-03
408,刘娜,51,西安,2025-03-16
409,贡磊,19,深圳,2025-05-01
410,伊珍,49,西安,2025-11-17
411,夏燕,40,北京,2024-11-10
412,杜莉,39,重庆,2025-11-03
413,蔡超,42,深圳,2025-06-18
414,郜明,39,武汉,2024-10-15
415,滑珍,39,广州,2023-01-12
416,骆芳,59,西安,2023-12-16
417,文红,23,广州,2024-05-05
418,周毅,32,南京,2025-09-01
419,充艳,60,南京,2023-10-31
420,林志,54,北京,2025-04-01
421,郁文,50,西安,2023-11-28
422,穆娜,25,上海,2024-01-07
423,逯文,61,南京,2025-09-16
424,韦鹏,61,北京,2023-04-02
425,秋健,22,南京,2025-12-23
426,左磊,56,南京,2024-02-11
427,骆花,21,上海,2023-02-21
428,邴涛,23,深圳,2023-04-12
429,薛云,62,成都,2023-01-12
430,丛艳,49,重庆,2024-12-29
431,皮晶,47,南京,2023-11-06
432,韶花,64,南京,2023-02-09
433,解浩,52,武汉,2023-04-25
434,窦龙,57,重庆,2025-09-07
435,戴莉,33,上海,2024-07-27
436,堵静,30,广州,2023-12-31
437,於辉,59,西安,2025-06-09
438,闻浩,47,南京,2024-12-23
439,崔珍,36,成都,2023-11-21
440,滑丽,34,西安,2024-08-21
441,沃阳,36,重庆,2024-06-19
442,蒋晶,45,西安,2023-11-01
443,连文,43,深圳,2025-02-27
444,戚晶,54,南京,2023-04-19
445,融琴,43,西安,2024-12-06
446,储勇,40,广州,2025-06-29
447,张鹏,26,广州,2024-04-30
448,白军,29,南京,2025-08-20
449,熊超,18,杭州,2024-05-05
450,斜娜,18,广州,2025-04-06
451,后珍,64,西安,2025-08-31
452,后彬,51,北京,2023-08-12
453,邴亮,49,广州,2024-01-21
454,薄红,65,重庆,2025-03-09
455,朱玲,42,杭州,2025-05-02
456,宫萍,57,西安,2025-09-03
457,诸华,62,上海,2025-01-04
458,崔敏,18,武汉,2025-04-13
459,惠玲,33,上海,2023-02-26
460,史静,56,深圳,2025-11-17
461,广文,22,武汉,2023-09-23
462,暨强,39,深圳,2025-02-28
463,裘勇,46,武汉,2023-08-14
464,雍磊,20,武汉,2025-01-01
465,谌健,29,北京,2023-04-29
466,明斌,43,成都,2025-01-30
467,毕辉,33,重庆,2025-06-29
468,罗刚,54,上海,2025-09-22
469,杜军,39,广州,2024-07-07
470,寇勇,46,西安,2025-03-12
471,王玉,31,杭州,2023-02-09
472,纪芳,45,重庆,2024-05-20
473,余敏,22,深圳,2024-03-15
474,费云,64,北京,2023-03-09
475,袁阳,47,深圳,2024-02-20
476,栾云,63,成都,2025-03-28
477,温浩,22,杭州,2025-11-17
478,鄂志,29,北京,2024-02-14
479,施娟,33,深圳,2024-03-24
480,衡强,43,成都,2025-05-11
481,司梅,43,西安,2025-03-16
482,师阳,65,西安,2023-11-08
483,简静,38,深圳,2024-05-12
484,苏秀,56,重庆,2025-06-11
485,毕勇,53,杭州,2024-01-17
486,江洁,50,南京,2024-02-25
487,庄娟,47,重庆,2025-05-05
488,索丽,54,西安,2025-09-20
489,冷林,40,杭州,2025-11-09
490,匡波,27,成都,2023-04-29
491,甘波,22,北京,2023-10-10
492,解洁,53,武汉,2023-12-27
493,邴斌,51,深圳,2025-01-16
494,侯娜,48,上海,2025-01-24
495,蓝婷,27,杭州,2024-11-13
496,师静,36,广州,2025-11-29
497,彭磊,49,成都,2025-01-24
498,全宁,18,南京,2023-11-01
499,相玉,22,武汉,2023-06-30
500,岑健,62,广州,2023-04-12
501,宰娜,21,南京,2024-02-16
502,史凤,33,上海,2023-01-31
503,禄莉,41,西安,2023-05-22
504,沙鹏,33,重庆,2023-06-08
505,柴凤,19,深圳,2024-12-12
506,凤勇,45,北京,2025-08-07
507,国萍,49,南京,2025-08-22
508,方莉,44,武汉,2023-05-06
509,扶丽,37,杭州,2024-10-29
510,公珍,41,西安,2024-08-21
511,戴莉,29,杭州,2023-11-30
512,宰志,52,武汉,2024-03-19
513,国芳,50,杭州,2025-04-16
514,顾燕,50,南京,2024-03-20
515,公晶,60,成都,2024-12-23
516,解芳,54,杭州,2025-09-25
517,顾健,29,重庆,2025-07-06
518,国静,20,上海,2024-12-30
519,滕磊,18,北京,2025-04-02
520,红超,50,南京,2023-06-07
521,松兰,57,广州,2024-11-18
522,乐霞,27,武汉,2023-03-06
523,沙琳,60,西安,2023-11-29
524,却彬,61,南京,2023-05-31
525,严杰,46,成都,2024-04-02
526,逯华,30,西安,2023-01-14
527,苏娟,29,重庆,2023-07-13
528,寇英,48,武汉,2023-03-03
529,充梅,63,西安,2025-11-23
530,危龙,19,杭州,2024-12-05
531,卓峰,52,南京,2025-05-09
532,蓬鹏,40,上海,2024-08-16
533,蔚云,34,武汉,2025-05-19
534,阙敏,43,深圳,2025-12-15
535,计秀,25,重庆,2024-07-03
536,金涛,46,北京,2023-10-04
537,蔡龙,43,武汉,2025-06-24
538,倪霞,27,成都,2025-06-13
539,莫伟,43,南京,2024-01-07
540,蒲雪,51,杭州,2023-12-17
541,岑莲,58,北京,2023-07-28
542,訾平,24,北京,2024-10-30
543,冉静,21,重庆,2024-10-08
544,惠波,62,西安,2023-10-04
545,陈晶,28,成都,2023-12-27
546,章珍,46,西安,2024-09-07
547,宓燕,53,杭州,2025-10-14
548,暨霞,42,北京,2024-03-07
549,袁芳,38,成都,2025-06-12
550,卢海,53,成都,2023-01-15
551,艾艳,27,广州,2025-07-29
552,厍静,54,南京,2025-04-23
553,班明,26,北京,2025-05-29
554,班云,41,北京,2024-11-07
555,云莉,52,成都,2023-01-29
556,凌萍,52,西安,2025-05-02
557,裘磊,65,北京,2024-05-03
558,赖平,53,成都,2024-02-21
559,赖彬,35,北京,2025-03-02
560,贲花,56,成都,2023-02-05
561,步明,49,广州,2025-12-24
562,苗辉,41,南京,2024-08-23
563,邵志,40,成都,2024-02-16
564,安杰,49,北京,2025-01-07
565,易娟,54,杭州,2024-10-31
566,逯娜,29,南京,2025-08-20
567,雍莉,30,广州,2023-11-23
568,易婷,40,成都,2025-08-23
569,秋阳,42,杭州,2025-03-24
570,伊玉,52,成都,2025-05-24
571,江峰,58,西安,2024-12-11
572,咸鹏,47,北京,2023-05-16
573,武敏,34,武汉,2023-10-18
574,魏艳,37,重庆,2025-12-07
575,林文,65,上海,2023-11-06
576,彭娟,42,西安,2024-10-20
577,边浩,39,杭州,2025-12-27
578,桂斌,30,西安,2023-02-05
579,阎云,36,深圳,2024-06-21
580,邬浩,53,成都,2023-11-17
581,苗燕,29,成都,2023-12-12
582,葛强,58,上海,2023-02-02
583,董娟,36,上海,2025-11-05
584,阴峰,29,深圳,2025-10-14
585,钮洁,26,北京,2023-08-04
586,储娜,24,重庆,2024-03-21
587,晏海,45,武汉,2025-11-26
588,戈静,31,武汉,2024-04-24
589,经刚,48,广州,2024-09-10
590,蔚霞,36,广州,2025-12-29
591,阮斌,64,北京,2024-07-09
592,苏毅,33,广州,2025-07-21
593,邓琴,22,广州,2025-03-03
594,敖婷,52,深圳,2023-06-23
595,别鹏,29,深圳,2023-05-31
596,冉琴,42,广州,2024-01-27
597,经华,38,西安,2023-08-03
598,冷文,53,南京,2023-10-27
599,欧云,40,南京,2024-06-14
600,诸峰,33,北京,2025-02-21
601,凌涛,56,武汉,2023-11-02
602,应玲,62,上海,2024-04-28
603,戴勇,59,北京,2023-10-06
604,章莉,56,广州,2024-03-14
605,马华,31,深圳,2024-12-03
606,干志,48,成都,2024-06-30
607,程杰,22,西安,2024-10-07
608,顾宁,52,杭州,2023-11-24
609,仰波,40,深圳,2025-05-14
610,左浩,46,南京,2023-03-06
611,连琳,60,深圳,2024-10-06
612,游萍,28,西安,2023-01-27
613,双鹏,35,上海,2023-12-25
614,詹峰,64,广州,2023-02-25
615,蔚娟,29,成都,2025-07-18
616,刘琳,26,南京,2023-08-13
617,滑雪,27,南京,2023-03-19
618,湛林,61,重庆,2023-04-12
619,杜文,34,武汉,2023-10-07
620,韶莲,55,上海,2025-06-21
621,苗鹏,24,南京,2025-09-19
622,潘辉,63,武汉,2024-08-16
623,暴亮,30,南京,2023-08-05
624,班毅,57,广州,2024-02-06
625,伏娟,59,武汉,2023-04-27
626,贲波,26,西安,2023-09-01
627,华云,44,重庆,2023-10-17
628,龚超,19,广州,2025-06-04
629,苏萍,22,西安,2023-04-10
630,韩晶,46,成都,2024-07-12
631,昌玉,54,上海,2023-08-24
632,罗强,55,上海,2023-12-02
633,林燕,36,杭州,2024-02-14
634,汤娟,25,杭州,2025-10-30
635,宦彬,65,武汉,2024-04-28
636,云辉,62,上海,2025-09-04
637,明刚,18,武汉,2023-04-14
638,鞠丽,39,杭州,2023-11-21
639,刁鹏,34,成都,2024-11-09
640,史明,24,南京,2025-12-28
641,松静,42,西安,2025-10-28
642,俞秀,62,深圳,2024-06-05
643,闻文,21,武汉,2023-01-05
644,蔺飞,53,成都,2024-03-23
645,殷梅,23,西安,2024-12-21
646,赵萍,48,上海,2024-09-03
647,桂雪,36,南京,2024-05-24
648,禄平,61,西安,2025-01-09
649,包平,56,重庆,2024-02-27
650,谭超,44,杭州,2023-08-01
651,詹文,27,西安,2023-03-23
652,荣红,43,深圳,2024-09-18
653,红峰,36,成都,2023-09-16
654,邹萍,56,南京,2024-07-19
655,巢龙,20,广州,2023-12-10
656,边婷,62,西安,2024-04-01
657,施莲,30,北京,2023-06-06
658,解亮,45,深圳,2024-03-05
659,隆燕,37,深圳,2024-06-12
660,司海,45,北京,2024-12-22
661,贺飞,25,重庆,2024-04-02
662,戎鹏,58,广州,2024-09-05
663,汪海,56,杭州,2023-04-23
664,湛斌,18,成都,2023-07-12
665,凌艳,20,南京,2023-08-07
666,谭红,30,成都,2023-11-06
667,尤鹏,45,广州,2023-04-14
668,杭林,42,成都,2025-02-19
669,匡红,50,北京,2024-12-01
670,唐梅,55,深圳,2025-03-31
671,甄娟,23,成都,2024-02-25
672,陆雪,61,武汉,2023-10-23
673,蒲凤,62,西安,2023-02-07
674,蒙玉,49,广州,2023-05-14
675,潘静,62,重庆,2025-03-19
676,蓬刚,64,武汉,2025-04-28
677,邱丽,38,北京,2025-04-30
678,云娜,33,上海,2023-08-01
679,骆娟,38,北京,2024-09-05
680,瞿雪,28,重庆,2025-02-06
681,厍凤,54,重庆,2024-08-22
682,仇宁,53,武汉,2023-10-02
683,郁红,52,西安,2024-11-08
684,暨磊,36,广州,2024-11-03
685,欧凤,37,杭州,2024-04-29
686,卓伟,35,深圳,2025-09-07
687,殷敏,64,武汉,2023-01-04
688,费明,58,重庆,2025-07-02
689,步凤,31,上海,2024-09-17
690,裴志,32,南京,2024-09-29
691,安凤,48,重庆,2023-03-26
692,钮琳,18,西安,2024-06-26
693,章平,20,西安,2024-05-19
694,石兰,33,重庆,2024-10-14
695,耿萍,40,西安,2024-03-13
696,袁宁,28,武汉,2025-08-06
697,黄云,29,重庆,2024-01-07
698,荣辉,27,重庆,2023-07-23
699,季玲,49,广州,2024-10-10
700,茹燕,33,深圳,2024-03-09
701,印军,25,上海,2024-10-09
702,贺浩,55,西安,2023-06-27
703,伍静,29,广州,2025-10-10
704,夔娜,41,杭州,2024-09-23
705,宣刚,45,杭州,2023-07-20
706,翟娟,25,成都,2025-10-05
707,夏飞,45,武汉,2025-12-22
708,那海,53,武汉,2024-12-09
709,诸军,43,北京,2023-09-07
710,湛明,25,上海,2025-12-04
711,白峰,45,重庆,2025-07-11
712,申娟,45,西安,2024-11-23
713,姬志,54,上海,2025-12-14
714,奚鹏,58,成都,2024-01-18
715,惠云,53,北京,2024-04-01
716,靳艳,44,广州,2024-05-08
717,牛勇,34,上海,2023-03-27
718,支浩,26,广州,2024-12-22
719,刘婷,50,杭州,2024-08-22
720,姬龙,37,西安,2023-04-30
721,岑云,30,成都,2023-01-22
722,金平,45,重庆,2025-08-08
723,安雪,65,西安,2024-03-23
724,时晶,46,深圳,2025-12-23
725,那峰,30,武汉,2024-05-06
726,蒙莉,63,成都,2024-10-03
727,云玲,52,上海,2024-10-28
728,庾婷,23,西安,2023-09-24
729,古秀,35,南京,2024-07-03
730,双平,22,武汉,2025-01-06
731,居健,64,武汉,2025-09-10
732,边杰,42,南京,2023-10-08
733,文艳,19,北京,2024-10-04
734,郦亮,27,北京,2023-11-28
735,韩强,47,南京,2024-11-11
736,居琴,62,深圳,2023-11-07
737,狄秀,22,杭州,2025-06-16
738,暨阳,50,南京,2023-04-27
739,易琴,18,杭州,2025-01-29
740,蔡萍,35,西安,2025-08-01
741,隆霞,49,深圳,2024-04-05
742,斜飞,64,成都,2023-07-22
743,陶浩,28,杭州,2025-09-21
744,邴娟,38,武汉,2025-07-12
745,祁秀,43,西安,2023-08-23
746,殷莉,42,武汉,2024-12-13
747,曾花,39,深圳,2023-06-09
748,丁婷,44,杭州,2023-11-10
749,桓云,30,广州,2025-04-29
750,宰斌,50,深圳,2023-06-24
751,屈丽,51,深圳,2023-05-25
752,贾萍,58,广州,2023-03-22
753,滕强,52,西安,2024-06-14
754,钟莉,18,杭州,2024-02-25
755,宦萍,38,杭州,2024-04-22
756,于晶,65,武汉,2024-08-22
757,寿玲,23,深圳,2025-09-08
758,公阳,45,深圳,2023-06-26
759,蔺英,34,重庆,2023-03-06
760,胡芳,22,成都,2024-09-17
761,彭云,48,深圳,2023-03-01
762,戎涛,22,上海,2024-04-07
763,扈敏,55,成都,2024-04-13
764,曹英,20,上海,2025-08-14
765,庄霞,40,杭州,2024-08-01
766,闻林,54,成都,2023-05-28
767,方婷,54,深圳,2024-03-07
768,强琳,27,广州,2023-10-31
769,家敏,27,武汉,2024-09-13
770,曲健,36,上海,2024-01-14
771,宰峰,34,成都,2025-08-21
772,申静,38,深圳,2024-04-30
773,陆琳,31,成都,2024-01-15
774,逄艳,26,深圳,2025-02-13
775,向勇,63,深圳,2024-11-19
776,韦凤,18,深圳,2023-11-25
777,解琳,62,重庆,2025-04-28
778,殷志,30,武汉,2025-09-09
779,籍云,21,广州,2023-02-07
780,何强,18,广州,2025-03-06
781,倪玉,57,成都,2024-01-17
782,龙婷,49,成都,2025-09-26
783,充斌,51,深圳,2023-11-15
784,茹雪,45,重庆,2025-02-27
785,羊珍,48,深圳,2023-01-04
786,干燕,25,重庆,2024-05-18
787,郦英,56,深圳,2024-02-28
788,冯兰,43,上海,2023-12-27
789,殳波,51,上海,2023-04-09
790,扈玉,20,杭州,2024-09-23
791,养志,29,深圳,2025-01-23
792,龙琴,18,武汉,2023-02-07
793,通宁,61,杭州,2025-03-30
794,严雪,22,成都,2024-04-05
795,阴婷,47,西安,2023-10-16
796,越强,47,深圳,2023-06-22
797,濮涛,34,上海,2025-07-22
798,陈兰,65,西安,2024-11-24
799,松波,64,重庆,2024-01-09
800,厍波,40,西安,2024-10-13
801,丛莉,32,武汉,2023-09-03
802,关飞,54,深圳,2025-08-06
803,倪刚,38,广州,2023-12-31
804,卢云,31,西安,2024-10-23
805,程雪,19,广州,2023-07-12
806,祖莲,28,重庆,2023-05-01
807,单秀,56,杭州,2024-07-12
808,郜明,55,广州,2023-07-17
809,颜萍,51,杭州,2024-10-15
810,高燕,55,上海,2023-08-15
811,禹兰,51,深圳,2023-06-24
812,司莲,35,西安,2023-02-11
813,沙霞,47,上海,2023-03-19
814,史娟,32,上海,2024-05-31
815,於琳,44,南京,2024-12-01
816,罗敏,51,北京,2025-09-26
817,刁峰,55,武汉,2025-01-28
818,伊花,50,杭州,2024-11-22
819,司涛,41,南京,2025-12-24
820,莘晶,32,北京,2024-08-21
821,宰婷,47,武汉,2024-04-03
822,方明,59,杭州,2023-09-25
823,曹文,34,深圳,2025-07-29
824,庞军,22,武汉,2023-08-19
825,汲燕,46,西安,2025-03-18
826,束华,21,上海,2024-03-03
827,倪刚,27,北京,2024-02-15
828,乐琴,34,北京,2025-02-08
829,叶琴,27,北京,2023-08-15
830,湛兰,34,杭州,2024-01-07
831,林毅,37,西安,2025-07-02
832,刘文,41,武汉,2024-10-06
833,濮刚,22,上海,2025-10-17
834,相毅,51,西安,2025-12-13
835,余娟,23,南京,2024-09-30
836,元亮,19,深圳,2025-12-16
837,惠雪,30,广州,2023-07-07
838,游娟,60,西安,2023-02-09
839,许鹏,60,南京,2024-04-27
840,却毅,65,上海,2023-02-18
841,缪娟,28,广州,2023-02-28
842,居娟,64,广州,2024-11-29
843,雷红,40,西安,2023-02-07
844,萧斌,33,北京,2024-06-09
845,傅琴,48,成都,2023-05-15
846,闵伟,28,上海,2025-02-22
847,蒯玉,33,北京,2025-03-27
848,骆杰,25,上海,2024-06-27
849,连艳,21,成都,2023-06-24
850,侯静,57,深圳,2024-08-18
851,曲杰,21,成都,2024-04-25
852,汤兰,42,重庆,2023-12-17
853,梁辉,20,西安,2025-01-07
854,裴浩,49,西安,2023-04-27
855,权兰,20,南京,2023-04-30
856,蔡辉,44,北京,2025-12-30
857,弘燕,46,南京,2024-04-19
858,熊华,49,重庆,2025-06-05
859,酆霞,36,成都,2024-07-07
860,于娜,38,西安,2023-04-19
861,鄂燕,22,杭州,2025-06-04
862,酆凤,35,成都,2024-06-17
863,习明,45,成都,2025-04-09
864,雷婷,59,重庆,2023-03-17
865,斜梅,39,深圳,2023-03-21
866,冷琳,38,上海,2023-04-10
867,莘龙,23,重庆,2025-03-22
868,董平,18,上海,2024-02-12
869,仇静,22,西安,2023-10-24
870,郦强,58,重庆,2025-09-19
871,劳健,29,上海,2023-11-22
872,闻杰,43,南京,2024-03-02
873,莫丽,63,重庆,2024-01-02
874,越飞,51,西安,2023-10-26
875,扈静,31,重庆,2025-06-01
876,赖玉,43,西安,2024-02-25
877,金婷,62,重庆,2025-04-05
878,卓娟,44,上海,2024-06-14
879,郦刚,26,深圳,2024-08-04
880,武花,43,武汉,2023-05-04
881,卫红,64,上海,2025-11-01
882,钱健,39,北京,2025-08-14
883,水波,64,广州,2023-08-10
884,丁刚,47,深圳,2025-12-30
885,陶毅,60,南京,2025-12-29
886,束鹏,65,成都,2025-07-24
887,储龙,34,上海,2023-07-28
888,贺凤,43,重庆,2025-08-07
889,滑莉,53,上海,2025-07-18
890,嵇静,18,杭州,2025-09-26
891,夔文,25,深圳,2023-07-31
892,贲杰,52,武汉,2025-04-21
893,莘云,32,南京,2024-07-17
894,廉亮,64,杭州,2024-11-12
895,钱鹏,39,西安,2024-06-14
896,符莲,31,杭州,2024-03-17
897,邢明,43,上海,2024-03-30
898,祖婷,45,南京,2024-04-28
899,童毅,40,上海,2025-05-02
900,养强,31,西安,2025-05-05
901,寇秀,41,成都,2023-06-09
902,苑明,19,南京,2024-09-20
903,毛军,62,成都,2025-02-10
904,别浩,43,深圳,2024-10-14
905,晏明,31,深圳,2023-12-27
906,查超,24,成都,2023-09-17
907,仰刚,20,深圳,2025-11-28
908,臧勇,64,南京,2025-08-05
909,鄂萍,40,重庆,2024-07-18
910,丰珍,63,北京,2023-05-16
911,晏萍,60,深圳,2023-04-21
912,蔡华,64,深圳,2023-08-02
913,池波,62,上海,2025-12-05
914,夏敏,35,成都,2024-06-30
915,堵文,55,广州,2025-08-24
916,蔚莲,52,武汉,2025-06-27
917,怀峰,32,杭州,2023-08-20
918,衡玉,42,深圳,2024-04-28
919,阴燕,54,杭州,2024-10-01
920,糜婷,45,南京,2025-05-23
921,夏雪,27,广州,2024-02-28
922,逯萍,56,武汉,2024-11-01
923,戴莉,34,成都,2023-12-15
924,阚海,56,北京,2025-09-22
925,符刚,39,武汉,2025-11-29
926,汲莲,43,武汉,2023-05-23
927,能超,61,北京,2024-11-09
928,项玲,42,重庆,2023-03-18
929,房毅,34,成都,2023-04-25
930,暴静,30,上海,2025-08-04
931,闻强,37,杭州,2025-08-23
932,路娜,42,深圳,2025-07-02
933,阎林,21,武汉,2023-09-25
934,水海,27,南京,2023-10-09
935,桓阳,20,北京,2025-09-27
936,禹霞,58,杭州,2024-12-27
937,王毅,62,广州,2025-02-21
938,穆宁,35,北京,2025-06-02
939,逯晶,64,广州,2024-08-14
940,项超,53,成都,2025-01-29
941,舒琳,64,武汉,2025-10-19
942,梅娟,39,南京,2025-03-22
943,双霞,51,深圳,2023-12-03
944,季云,64,广州,2023-12-20
945,蒲丽,25,杭州,2024-07-08
946,沙琳,57,重庆,2025-12-16
947,柯峰,61,成都,2024-11-02
948,虞敏,36,重庆,2023-01-28
949,郦宁,59,成都,2025-01-08
950,罗辉,58,上海,2024-05-04
951,申霞,54,杭州,2024-09-07
952,安斌,23,重庆,2025-08-19
953,宋珍,43,南京,2025-11-03
954,祝莲,51,武汉,2024-01-22
955,匡红,62,北京,2024-07-31
956,公花,23,深圳,2025-12-20
957,居娟,54,武汉,2024-02-10
958,齐雪,50,武汉,2023-09-01
959,汤雪,39,成都,2024-03-03
960,翟平,38,南京,2024-11-25
961,秦亮,23,成都,2023-11-28
962,东龙,23,西安,2025-07-18
963,李婷,65,广州,2025-10-29
964,慎磊,21,深圳,2023-03-04
965,阚伟,47,广州,2025-02-23
966,臧凤,28,北京,2024-08-02
967,陶娜,47,西安,2023-03-22
968,蓟伟,48,杭州,2025-05-10
969,苍芳,41,北京,2024-11-24
970,冯莲,26,北京,2023-03-05
971,林平,20,上海,2025-05-30
972,敖玉,48,深圳,2025-04-17
973,卜毅,57,成都,2025-09-23
974,韦明,54,南京,2024-08-07
975,萧艳,53,广州,2025-06-12
976,单玉,41,北京,2024-06-03
977,惠峰,48,广州,2023-08-11
978,封珍,23,广州,2024-10-13
979,项鹏,19,杭州,2024-04-18
980,隆文,37,深圳,2024-06-27
981,耿磊,45,深圳,2023-11-26
982,封洁,28,重庆,2025-10-30
983,姬敏,21,武汉,2024-06-28
984,终飞,32,深圳,2024-04-04
985,康阳,23,广州,2025-11-07
986,郗珍,47,成都,2025-07-29
987,鲁明,55,广州,2023-10-17
988,米红,19,成都,2024-07-30
989,张华,32,重庆,2023-12-31
990,郭杰,28,成都,2024-04-16
991,万涛,25,深圳,2023-02-22
992,冀龙,43,杭州,2024-01-18
993,简晶,62,成都,2023-12-24
994,章雪,61,广州,2025-10-17
995,郦健,22,南京,2023-05-28
996,翁洁,23,深圳,2023-06-26
997,逯海,43,南京,2023-06-11
998,巩平,21,西安,2025-09-06
999,荆敏,36,西安,2023-07-05
1000,昌萍,37,广州,2025-08-27
1001,窦秀,50,西安,2024-10-07
1002,刘琳,37,武汉,2024-11-19
1003,莫文,29,重庆,2024-07-08
1004,危英,64,深圳,2025-03-14
1005,谈莲,18,南京,2025-04-19
1006,程雪,43,广州,2025-09-17
1007,越静,31,武汉,2023-08-07
1008,艾玉,55,广州,2024-06-12
1009,董磊,54,武汉,2024-07-02
1010,路超,28,西安,2025-12-12
1011,简宁,53,西安,2024-05-10
1012,翁凤,30,成都,2023-03-24
1013,花伟,60,上海,2025-10-11
1014,胡凤,20,广州,2023-01-22
1015,桓丽,50,成都,2023-09-18
1016,薛杰,23,深圳,2023-09-06
1017,蓬莲,27,成都,2025-06-16
1018,扶丽,22,北京,2023-12-20
1019,沈峰,40,西安,2024-11-25
1020,申志,27,北京,2023-04-09
1021,晏莉,61,广州,2025-07-09
1022,陆鹏,19,南京,2025-12-07
1023,汲琳,30,南京,2024-09-06
1024,葛健,57,深圳,2023-01-13
1025,池华,19,成都,2024-12-12
1026,邢勇,37,南京,2025-02-07
1027,路红,18,武汉,2023-03-01
1028,白磊,54,武汉,2024-09-20
1029,卞红,26,深圳,2024-03-10
1030,富英,34,重庆,2025-10-20
1031,章红,26,西安,2023-07-14
1032,董秀,28,成都,2025-03-16
1033,宦浩,32,广州,2023-04-12
1034,花鹏,41,杭州,2023-01-13
1035,李兰,55,杭州,2024-12-02
1036,鱼玉,52,杭州,2023-04-07
1037,经兰,47,南京,2024-09-03
1038,蓬鹏,48,重庆,2023-02-23
1039,昝阳,22,重庆,2025-01-08
1040,虞超,61,成都,2025-09-30
1041,柯花,31,成都,2023-08-19
1042,晁珍,28,重庆,2025-01-06
1043,项洁,26,深圳,2023-04-18
1044,郭凤,51,成都,2023-11-22
1045,袁健,29,深圳,2024-04-09
1046,贡华,52,北京,2024-02-29
1047,刘宁,52,武汉,2023-02-21
1048,武浩,18,西安,2025-11-22
1049,徐亮,57,成都,2025-12-28
1050,储婷,39,重庆,2023-06-21
1051,廖萍,46,武汉,2024-01-20
1052,阮飞,25,武汉,2023-11-26
1053,山静,28,上海,2023-01-19
1054,栾珍,58,重庆,2024-04-04
1055,曲莲,54,西安,2025-03-07
1056,尤燕,31,重庆,2025-09-14
1057,闻军,47,成都,2023-09-04
1058,刘华,52,广州,2025-09-15
1059,禄雪,38,北京,2024-10-30
1060,都健,54,深圳,2025-11-18
1061,步琳,22,广州,2025-10-25
1062,房丽,36,北京,2025-01-06
1063,吴辉,31,广州,2023-01-01
1064,伏浩,43,深圳,2024-02-24
1065,龚娟,21,南京,2023-04-22
1066,蔚峰,42,重庆,2023-05-28
1067,蒋丽,62,广州,2025-03-03
1068,骆晶,59,成都,2024-07-15
1069,葛亮,42,西安,2024-04-05
1070,须峰,35,杭州,2024-04-12
1071,霍娟,57,成都,2025-10-23
1072,毛凤,25,深圳,2023-10-02
1073,叶浩,56,西安,2024-08-11
1074,沙兰,57,成都,2024-11-18
1075,邹敏,31,武汉,2025-08-04
1076,那伟,49,重庆,2024-05-10
1077,宗华,55,西安,2023-03-01
1078,皮平,50,武汉,2025-12-11
1079,余斌,40,成都,2023-04-12
1080,冉娟,32,北京,2024-04-19
1081,茅琴,50,上海,2024-07-17
1082,平文,42,北京,2023-03-24
1083,国洁,34,重庆,2024-12-15
1084,韩浩,50,西安,2023-06-10
1085,温洁,64,西安,2024-08-29
1086,孙涛,19,重庆,2023-01-13
1087,颜健,31,武汉,2023-03-07
1088,苗峰,57,上海,2025-08-24
1089,卢浩,57,成都,2025-08-27
1090,袁娜,56,深圳,2025-11-10
1091,薄秀,23,北京,2024-12-17
1092,荣珍,23,北京,2025-06-11
1093,袁凤,20,杭州,2023-12-29
1094,戎亮,24,上海,2023-06-25
1095,殳晶,25,深圳,2025-11-25
1096,习华,59,北京,2024-07-20
1097,雷丽,32,深圳,2025-05-26
1098,舒丽,64,成都,2025-12-07
1099,孟燕,46,西安,2025-05-05
1100,滕梅,50,深圳,2023-06-04
1101,庄健,47,北京,2024-10-12
1102,裴雪,56,武汉,2023-06-22
1103,蓟刚,44,上海,2023-12-10
1104,卞霞,53,重庆,2024-11-09
1105,汤斌,46,广州,2025-05-07
1106,暴林,55,南京,2024-06-07
1107,洪阳,50,南京,2024-08-07
1108,贺亮,54,广州,2024-03-29
1109,裴梅,44,深圳,2024-03-27
1110,隆梅,50,上海,2023-02-20
1111,那英,21,深圳,2023-12-04
1112,卞健,39,重庆,2024-10-31
1113,杨鹏,19,上海,2023-04-01
1114,朱萍,27,广州,2023-11-19
1115,莘雪,22,深圳,2023-09-09
1116,戎莲,27,杭州,2024-01-11
1117,赖健,50,北京,2025-05-05
1118,袁琳,55,武汉,2025-09-29
1119,谭莲,30,西安,2025-06-04
1120,盖龙,48,武汉,2025-11-13
1121,毋莲,64,重庆,2025-09-07
1122,臧丽,53,深圳,2024-05-21
1123,关鹏,62,成都,2025-09-20
1124,朱红,41,上海,2024-01-18
1125,贲浩,32,深圳,2025-09-10
1126,酆涛,46,上海,2024-08-18
1127,蒯莉,25,西安,2023-05-20
1128,那雪,22,杭州,2023-12-14
1129,宦海,46,武汉,2023-07-28
1130,毛海,64,北京,2024-01-20
1131,陶莲,21,西安,2025-11-12
1132,郭斌,29,西安,2025-09-16
1133,訾霞,62,武汉,2024-02-19
1134,濮莉,19,西安,2023-03-16
1135,蔺勇,44,成都,2024-12-31
1136,竺晶,48,成都,2023-08-13
1137,陶莉,53,南京,2023-06-18
1138,匡飞,53,南京,2023-07-08
1139,薛勇,43,成都,2023-05-22
1140,简艳,60,广州,2023-02-27
1141,董英,44,杭州,2025-05-03
1142,滕琴,22,上海,2023-04-22
1143,邴娟,37,杭州,2024-01-24
1144,窦超,28,重庆,2025-11-11
1145,蔺燕,27,西安,2023-09-10
1146,崔英,57,北京,2023-04-12
1147,莫林,55,西安,2024-04-09
1148,巢宁,23,杭州,2023-03-12
1149,戎莉,25,成都,2025-06-01
1150,戚玲,40,武汉,2024-08-31
1151,宓阳,64,重庆,2024-06-18
1152,路艳,43,成都,2025-10-06
1153,盛莲,63,杭州,2025-02-26
1154,寿健,60,武汉,2024-09-30
1155,黎娟,29,北京,2023-08-10
1156,夔强,43,杭州,2023-11-22
1157,昌芳,30,上海,2024-09-07
1158,唐浩,57,深圳,2023-01-17
1159,厉波,35,武汉,2023-02-26
1160,汪彬,42,杭州,2023-02-13
1161,耿雪,50,成都,2024-05-07
1162,江文,64,上海,2024-11-19
1163,包静,57,广州,2024-01-26
1164,钮强,60,武汉,2024-12-29
1165,於花,29,上海,2023-09-10
1166,融波,61,成都,2023-12-08
1167,匡飞,53,杭州,2023-07-12
1168,鲁涛,65,西安,2023-11-02
1169,幸勇,21,北京,2024-08-20
1170,温平,22,西安,2025-09-24
1171,越芳,54,深圳,2025-08-10
1172,周艳,25,上海,2025-02-24
1173,鲍燕,59,深圳,2023-11-30
1174,薛静,45,北京,2023-02-09
1175,宋静,48,上海,2024-07-23
1176,丰军,26,南京,2025-05-01
1177,虞娟,46,成都,2023-08-12
1178,夏超,31,上海,2025-02-09
1179,权文,57,成都,2023-02-08
1180,利磊,58,西安,2024-12-15
1181,能志,39,重庆,2025-02-19
1182,耿浩,28,武汉,2024-08-07
1183,邓文,40,重庆,2025-05-09
1184,游毅,18,杭州,2023-06-07
1185,靳莉,63,武汉,2023-09-19
1186,臧彬,54,武汉,2025-04-13
1187,马龙,38,广州,2023-06-11
1188,唐凤,43,武汉,2025-01-27
1189,宓玉,63,北京,2023-05-29
1190,汤辉,53,重庆,2024-07-23
1191,步明,40,西安,2024-02-02
1192,申琳,18,成都,2023-07-24
1193,厍林,57,杭州,2025-06-08
1194,文玲,32,武汉,2023-09-22
1195,蒙宁,38,杭州,2025-02-12
1196,荀琴,64,西安,2025-11-14
1197,华阳,26,杭州,2023-07-25
1198,陆明,26,西安,2024-08-02
1199,台平,27,武汉,2023-10-01
1200,郑晶,43,西安,2025-02-22
1201,支超,58,武汉,2025-10-13
1202,桑凤,52,广州,2024-10-16
1203,贡龙,42,广州,2025-03-14
1204,束伟,43,西安,2024-07-28
1205,冀伟,28,广州,2024-04-09
1206,麻强,55,成都,2023-12-12
1207,陶云,19,成都,2025-02-22
1208,林梅,24,广州,2025-04-02
1209,冷静,35,广州,2024-04-22
1210,暨辉,44,南京,2025-01-25
1211,潘静,51,南京,2025-12-17
1212,赖海,44,武汉,2024-04-29
1213,常洁,34,西安,2024-06-14
1214,冀鹏,60,深圳,2025-04-12
1215,敖花,61,深圳,2023-11-24
1216,舒明,41,广州,2025-03-11
1217,奚丽,42,杭州,2024-04-23
1218,斜鹏,24,广州,2023-04-01
1219,阙军,23,南京,2024-09-02
1220,郑飞,41,武汉,2023-09-07
1221,吴阳,50,广州,2025-09-19
1222,宣雪,46,重庆,2025-01-23
1223,钮宁,60,杭州,2024-09-02
1224,路龙,39,重庆,2023-12-28
1225,杨玉,43,武汉,2024-02-22
1226,宓云,45,武汉,2025-12-28
1227,戚燕,38,成都,2023-06-23
1228,寿阳,24,上海,2023-08-06
1229,厉敏,34,重庆,2024-01-02
1230,台峰,37,成都,2024-11-24
1231,乐琳,58,南京,2023-05-25
1232,苗明,37,北京,2023-02-13
1233,查强,39,杭州,2024-07-03
1234,郑强,45,北京,2025-11-27
1235,束洁,57,西安,2024-07-19
1236,郝毅,24,南京,2025-06-01
1237,尤萍,18,南京,2023-06-07
1238,昝波,49,北京,2024-02-29
1239,毋红,30,重庆,2023-01-12
1240,章丽,47,上海,2023-05-29
1241,鄂杰,40,重庆,2024-12-07
1242,成超,36,北京,2023-12-22
1243,喻莉,49,西安,2024-03-11
1244,梅兰,47,重庆,2024-06-15
1245,奚芳,46,深圳,2025-10-23
1246,崔鹏,62,重庆,2023-12-29
1247,郦花,46,武汉,2024-04-28
1248,容浩,47,成都,2023-04-30
1249,崔琳,33,杭州,2025-03-16
1250,姚勇,57,重庆,2025-03-11
1251,李芳,36,上海,2025-01-18
1252,庞琴,35,上海,2023-12-15
1253,晁斌,18,重庆,2023-12-28
1254,赵莉,31,广州,2023-07-27
1255,蒯丽,64,南京,2025-04-19
1256,毛波,19,重庆,2025-02-14
1257,印勇,45,南京,2023-06-26
1258,简静,47,深圳,2023-05-08
1259,施彬,55,北京,2023-07-07
1260,池燕,21,深圳,2025-06-11
1261,钮花,18,重庆,2025-03-07
1262,葛平,25,上海,2024-08-20
1263,雷静,46,广州,2024-05-31
1264,温波,56,西安,2024-04-25
1265,广明,20,南京,2023-02-04
1266,徐莉,49,成都,2023-10-11
1267,万燕,27,南京,2023-06-13
1268,关兰,27,武汉,2024-02-23
1269,甘萍,36,杭州,2023-04-03
1270,窦勇,63,重庆,2025-11-03
1271,燕勇,51,深圳,2025-11-25
1272,花浩,50,成都,2025-05-29
1273,刘梅,40,上海,2025-07-15
1274,鲍琳,45,上海,2025-08-23
1275,禹霞,49,上海,2024-06-19
1276,符莉,24,西安,2025-10-04
1277,鲍杰,46,武汉,2025-03-07
1278,师艳,25,上海,2025-10-05
1279,訾涛,18,上海,2023-12-16
1280,莫磊,20,重庆,2024-06-14
1281,简峰,41,武汉,2024-03-25
1282,於华,40,广州,2024-11-12
1283,夏艳,25,广州,2025-11-18
1284,余超,64,武汉,2025-12-05
1285,甘军,54,杭州,2024-03-27
1286,武海,20,西安,2024-11-08
1287,汤伟,50,成都,2024-12-09
1288,姜勇,45,南京,2024-02-17
1289,邵凤,64,重庆,2024-08-29
1290,师健,25,北京,2024-09-07
1291,冀晶,51,广州,2024-02-29
1292,窦磊,52,武汉,2024-02-02
1293,邵玉,49,成都,2025-05-03
1294,廉彬,41,武汉,2025-10-24
1295,房强,31,南京,2025-01-13
1296,武杰,49,成都,2025-03-31
1297,濮艳,63,广州,2024-07-18
1298,乜英,60,上海,2024-02-16
1299,杨娜,33,武汉,2025-10-28
1300,侯峰,21,北京,2025-05-16
1301,贝辉,54,广州,2023-11-15
1302,郭娟,38,深圳,2025-03-14
1303,郝志,31,北京,2025-02-15
1304,鱼文,48,杭州,2024-11-27
1305,骆梅,65,西安,2024-08-01
1306,逄敏,35,广州,2023-10-22
1307,奚洁,24,上海,2024-03-09
1308,倪玲,27,广州,2025-07-12
1309,衡文,24,南京,2024-09-02
1310,谭超,50,成都,2023-07-05
1311,饶英,40,武汉,2023-05-05
1312,谭凤,38,成都,2024-09-28
1313,雍洁,36,成都,2025-03-19
1314,娄伟,65,广州,2023-02-16
1315,柯伟,36,南京,2025-04-13
1316,郭海,53,武汉,2025-10-15
1317,束琳,46,武汉,2025-05-07
1318,燕杰,35,成都,2025-11-03
1319,马华,19,杭州,2025-12-20
1320,屈莲,18,西安,2023-03-27
1321,蒯龙,64,南京,2023-07-08
1322,计凤,22,杭州,2023-08-15
1323,伍明,37,重庆,2023-06-16
1324,温玉,28,重庆,2023-06-22
1325,蒯晶,59,北京,2024-11-14
1326,农飞,19,成都,2025-05-25
1327,融珍,20,武汉,2024-12-07
1328,郦健,40,广州,2023-07-09
1329,和莲,29,武汉,2024-10-22
1330,凌阳,37,武汉,2024-03-27
1331,许强,22,上海,2024-01-02
1332,庞伟,54,武汉,2024-09-09
1333,郁芳,55,北京,2023-08-28
1334,房海,47,杭州,2023-05-29
1335,岑燕,26,重庆,2024-11-18
1336,元敏,51,武汉,2024-09-11
1337,卫健,61,武汉,2023-03-20
1338,訾龙,52,上海,2023-08-03
1339,俞静,39,南京,2025-12-10
1340,龚珍,61,广州,2025-05-21
1341,马霞,41,南京,2025-06-14
1342,管杰,34,广州,2025-12-11
1343,丰玉,27,西安,2024-03-07
1344,暨琴,47,武汉,2025-11-07
1345,支飞,63,上海,2025-05-02
1346,宰萍,40,深圳,2024-09-16
1347,禄超,49,成都,2024-05-02
1348,胡婷,34,重庆,2025-11-03
1349,元飞,34,杭州,2023-08-25
1350,濮莉,31,重庆,2023-08-01
1351,却杰,26,杭州,2023-02-03
1352,瞿晶,57,西安,2025-05-02
1353,茹文,19,南京,2023-03-27
1354,雍毅,62,北京,2025-10-12
1355,蒲斌,42,武汉,2023-04-24
1356,荆明,56,深圳,2023-01-10
1357,宣雪,26,杭州,2024-01-13
1358,庾亮,39,成都,2025-06-14
1359,阚娟,60,杭州,2024-12-29
1360,吴玲,63,北京,2024-05-29
1361,梁峰,21,重庆,2025-02-27
1362,闵宁,43,上海,2023-02-28
1363,赵超,46,重庆,2025-05-01
1364,仰雪,62,西安,2025-03-26
1365,汲娟,51,上海,2024-11-07
1366,嵇莲,40,重庆,2024-05-03
1367,程亮,54,成都,2024-03-04
1368,司杰,28,重庆,2025-08-13
1369,甘海,23,成都,2024-07-17
1370,秦芳,35,成都,2025-08-19
1371,柯丽,38,上海,2023-01-18
1372,水雪,59,南京,2023-01-05
1373,程宁,53,广州,2023-12-30
1374,窦斌,58,武汉,2023-03-28
1375,别燕,55,杭州,2025-12-24
1376,杨琴,51,广州,2024-11-24
1377,皮雪,34,北京,2023-12-09
1378,华斌,54,南京,2025-06-25
1379,毛波,42,广州,2023-01-04
1380,勾娜,55,上海,2024-10-14
1381,梅萍,29,北京,2024-09-13
1382,韦超,40,深圳,2024-12-22
1383,桂婷,59,南京,2024-02-07
1384,华芳,39,广州,2023-01-12
1385,侯鹏,38,北京,2024-10-08
1386,寇玲,44,深圳,2023-08-05
1387,韦涛,48,重庆,2025-05-04
1388,康静,23,北京,2025-01-12
1389,龙鹏,44,上海,2024-07-24
1390,惠英,57,重庆,2024-12-18
1391,寇静,51,上海,2023-11-27
1392,居雪,29,广州,2023-07-27
1393,吉凤,62,武汉,2024-03-12
1394,黄敏,24,广州,2025-05-03
1395,麻娟,27,重庆,2024-01-30
1396,麻亮,62,成都,2024-12-25
1397,路勇,34,广州,2023-12-03
1398,权磊,43,重庆,2025-02-14
1399,东玉,38,北京,2025-10-28
1400,翟琳,45,西安,2024-05-23
1401,尚刚,63,广州,2023-03-06
1402,姜艳,19,北京,2023-03-22
1403,乔莲,60,上海,2025-07-20
1404,师珍,18,南京,2024-09-01
1405,熊霞,53,武汉,2025-04-10
1406,云娟,43,上海,2023-02-10
1407,饶平,46,上海,2025-12-16
1408,桂军,38,重庆,2025-08-19
1409,盖雪,28,成都,2023-12-10
1410,卞海,57,杭州,2023-04-12
1411,萧强,28,西安,2025-04-05
1412,山华,53,成都,2025-01-23
1413,郗亮,56,重庆,2024-11-30
1414,易亮,57,武汉,2024-09-09
1415,别兰,52,西安,2024-12-27
1416,鞠磊,51,西安,2025-08-19
1417,荣莲,64,重庆,2023-08-12
1418,卢云,41,深圳,2023-11-07
1419,戎海,39,上海,2025-11-01
1420,融丽,22,南京,2023-05-07
1421,邴勇,50,深圳,2023-12-21
1422,却毅,53,重庆,2024-09-19
1423,花海,64,深圳,2025-04-24
1424,林娟,37,南京,2025-09-21
1425,靳洁,36,重庆,2025-12-19
1426,匡珍,52,重庆,2023-12-16
1427,慕敏,60,西安,2023-07-04
1428,伍洁,34,深圳,2025-05-28
1429,殷敏,62,北京,2023-07-17
1430,於燕,60,广州,2024-04-28
1431,纪宁,51,重庆,2023-03-20
1432,叶娟,26,深圳,2023-09-04
1433,钮斌,43,杭州,2024-06-30
1434,田红,19,武汉,2023-01-17
1435,印林,26,杭州,2024-08-14
1436,谈鹏,26,深圳,2023-11-21
1437,后琳,57,上海,2024-12-30
1438,昝花,34,上海,2024-07-14
1439,糜涛,18,深圳,2024-02-28
1440,伊毅,42,西安,2025-05-31
1441,芮琳,60,西安,2025-04-10
1442,屠艳,57,重庆,2024-09-24
1443,金磊,59,南京,2023-10-10
1444,霍婷,42,广州,2024-02-11
1445,阴杰,56,重庆,2024-04-29
1446,萧亮,52,杭州,2024-06-16
1447,魏强,20,广州,2023-06-12
1448,厉毅,54,杭州,2024-04-08
1449,包辉,61,西安,2023-08-08
1450,崔云,61,深圳,2023-07-01
1451,惠华,47,南京,2023-09-26
1452,杨峰,55,杭州,2024-04-07
1453,薄雪,51,西安,2023-03-22
1454,龙凤,29,南京,2024-07-26
1455,傅花,36,重庆,2024-09-30
1456,巩鹏,54,深圳,2023-09-23
1457,韩敏,61,武汉,2023-04-13
1458,傅林,34,上海,2025-06-30
1459,伏华,27,成都,2024-06-04
1460,毛琴,64,南京,2025-04-30
1461,储林,29,武汉,2023-03-20
1462,苑阳,33,武汉,2023-09-22
1463,薛志,41,南京,2024-07-29
1464,周辉,36,武汉,2025-01-16
1465,慕燕,25,杭州,2023-03-18
1466,那梅,48,武汉,2025-03-18
1467,程娟,38,西安,2025-07-17
1468,阮浩,34,广州,2024-11-11
1469,蔡珍,40,杭州,2023-08-04
1470,苗平,54,武汉,2024-09-18
1471,广莲,33,重庆,2025-11-25
1472,都霞,23,上海,2024-03-21
1473,隆阳,25,深圳,2025-02-19
1474,戚红,42,武汉,2024-10-08
1475,暨莉,35,北京,2024-01-17
1476,童琴,42,上海,2024-04-08
1477,简玲,29,重庆,2025-09-24
1478,郝彬,32,西安,2025-08-19
1479,魏娜,43,武汉,2025-12-19
1480,柯宁,58,西安,2024-08-03
1481,沈霞,62,武汉,2024-05-10
1482,席洁,43,成都,2024-05-15
1483,荣健,64,广州,2023-03-21
1484,阚斌,49,西安,2024-07-17
1485,养华,27,广州,2023-05-08
1486,双晶,33,上海,2025-03-16
1487,欧云,24,成都,2025-01-11
1488,夏亮,34,深圳,2023-08-08
1489,国鹏,40,杭州,2025-05-08
1490,韦婷,43,广州,2025-12-03
1491,查花,38,成都,2025-11-22
1492,冉华,39,广州,2024-07-11
1493,缪明,24,南京,2023-12-30
1494,单宁,31,重庆,2024-08-16
1495,胡玉,32,深圳,2023-07-21
1496,房红,24,重庆,2024-08-07
1497,燕娟,26,武汉,2024-01-08
1498,酆敏,65,广州,2023-10-07
1499,廖阳,25,武汉,2025-04-05
1500,尹林,40,北京,2025-09-30
1501,越云,46,广州,2025-06-05
1502,高敏,35,成都,2024-05-28
1503,邬涛,48,深圳,2023-12-13
1504,宗珍,47,武汉,2025-08-18
1505,戎斌,56,广州,2025-03-20
1506,空龙,52,北京,2025-05-18
1507,苏兰,35,重庆,2024-03-17
1508,戈斌,59,成都,2025-10-10
1509,廖伟,56,南京,2023-03-13
1510,甘玲,34,广州,2024-11-13
1511,桓健,31,南京,2025-02-25
1512,谌阳,48,上海,2023-05-13
1513,公勇,41,深圳,2023-12-31
1514,习琴,52,广州,2025-09-30
1515,宓梅,61,西安,2025-05-25
1516,幸芳,62,北京,2024-11-11
1517,许宁,51,武汉,2025-01-28
1518,龚彬,20,西安,2023-04-01
1519,昝伟,54,上海,2023-03-10
1520,利文,60,深圳,2023-02-04
1521,巢明,57,重庆,2023-10-31
1522,晁霞,43,成都,2025-11-17
1523,岑超,40,南京,2025-01-08
1524,鄂雪,61,上海,2023-03-19
1525,谢鹏,56,武汉,2023-05-05
1526,钟花,32,成都,2025-05-15
1527,池梅,21,重庆,2025-11-02
1528,师斌,46,武汉,2023-02-04
1529,薄琳,39,北京,2025-07-19
1530,和毅,42,南京,2025-04-22
1531,家明,30,西安,2023-05-31
1532,成涛,35,广州,2025-11-22
1533,巢健,50,上海,2025-04-08
1534,索军,33,广州,2025-12-06
1535,石超,62,成都,2024-10-21
1536,暨琳,59,广州,2023-07-18
1537,双志,61,西安,2023-04-02
1538,孔文,19,杭州,2023-08-04
1539,褚飞,52,成都,2025-02-22
1540,柳娟,59,南京,2024-08-06
1541,邢刚,51,武汉,2024-11-28
1542,阮燕,47,南京,2024-11-20
1543,安飞,30,广州,2025-06-15
1544,师鹏,30,深圳,2024-09-29
1545,富华,35,成都,2025-06-13
1546,池秀,49,武汉,2024-05-13
1547,充波,49,重庆,2023-06-30
1548,凤鹏,52,北京,2023-02-23
1549,袁阳,56,南京,2023-11-10
1550,邵龙,63,南京,2024-04-04
1551,麻峰,46,成都,2025-10-20
1552,訾霞,46,深圳,2025-10-05
1553,时刚,61,广州,2024-12-11
1554,蒲飞,33,广州,2024-11-21
1555,韶萍,61,成都,2023-06-29
1556,钱华,64,南京,2025-06-25
1557,范亮,27,武汉,2025-01-14
1558,濮婷,47,北京,2025-10-27
1559,彭宁,42,成都,2023-06-22
1560,乜彬,56,武汉,2024-03-16
1561,闵浩,37,武汉,2023-06-16
1562,骆娟,22,重庆,2024-12-25
1563,曹亮,18,西安,2023-10-12
1564,余林,47,杭州,2023-01-21
1565,钟玉,20,北京,2023-05-01
1566,利梅,62,上海,2025-03-26
1567,相军,31,深圳,2024-04-26
1568,益伟,47,杭州,2023-11-29
1569,倪斌,21,重庆,2025-04-09
1570,洪秀,35,北京,2024-03-27
1571,路峰,54,广州,2024-12-26
1572,宗军,42,杭州,2024-10-30
1573,曲娟,65,广州,2023-01-27
1574,危燕,18,深圳,2025-05-02
1575,幸琴,63,广州,2023-12-05
1576,卞勇,32,深圳,2023-04-20
1577,勾林,26,北京,2024-01-19
1578,于波,32,南京,2025-07-04
1579,农玉,41,深圳,2024-12-28
1580,桑雪,21,武汉,2025-04-27
1581,连琳,29,上海,2024-11-02
1582,洪林,54,上海,2025-09-12
1583,隆阳,54,成都,2024-09-24
1584,蓟彬,60,上海,2023-05-02
1585,靳敏,23,成都,2023-11-21
1586,戚琴,56,上海,2025-01-06
1587,虞飞,63,深圳,2025-10-10
1588,蔚华,41,武汉,2025-06-20
1589,解波,28,南京,2024-09-18
1590,寇阳,30,广州,2023-01-26
1591,宣婷,51,重庆,2023-09-12
1592,堵伟,42,上海,2025-09-28
1593,衡平,24,南京,2024-11-29
1594,詹莉,21,南京,2023-11-03
1595,皮龙,25,深圳,2025-07-25
1596,印萍,37,北京,2024-05-19
1597,房敏,46,北京,2023-11-25
1598,咸刚,62,上海,2023-01-06
1599,衡洁,63,重庆,2025-04-08
1600,熊浩,27,上海,2024-05-19
1601,宫静,60,上海,2023-06-14
1602,台兰,51,成都,2023-02-27
1603,酆花,43,武汉,2025-06-15
1604,弘军,58,武汉,2025-01-16
1605,家敏,20,重庆,2023-01-18
1606,堵亮,23,成都,2023-10-31
1607,彭娟,22,南京,2024-12-20
1608,籍文,22,成都,2024-05-16
1609,欧兰,64,上海,2024-07-20
1610,左亮,40,北京,2025-10-10
1611,成兰,26,杭州,2024-07-13
1612,冉燕,52,重庆,2023-07-24
1613,国燕,37,南京,2024-09-16
1614,甘军,59,深圳,2025-07-02
1615,益伟,52,杭州,2023-04-11
1616,应艳,35,杭州,2025-02-02
1617,廖莲,34,成都,2023-06-04
1618,乔燕,41,广州,2023-09-28
1619,花彬,20,杭州,2023-08-10
1620,皮婷,49,上海,2025-06-10
1621,曾丽,52,西安,2023-05-09
1622,蓝涛,55,北京,2025-02-13
1623,鲍玲,30,北京,2023-05-25
1624,戎飞,64,西安,2023-02-23
1625,解龙,42,武汉,2024-11-08
1626,邴毅,26,上海,2023-06-16
1627,廖龙,21,深圳,2025-12-19
1628,暴娜,31,杭州,2025-11-25
1629,尚阳,54,武汉,2023-04-08
1630,孙刚,51,上海,2024-10-14
1631,全晶,28,成都,2025-12-18
1632,籍飞,58,北京,2023-04-07
1633,通宁,20,武汉,2023-01-31
1634,廉超,45,重庆,2024-02-19
1635,国云,46,杭州,2024-11-13
1636,裴秀,26,杭州,2023-06-18
1637,聂辉,20,深圳,2023-12-12
1638,惠霞,42,广州,2024-06-21
1639,甘勇,51,重庆,2023-01-26
1640,汲艳,29,杭州,2023-08-17
1641,冷燕,59,南京,2024-10-01
1642,蒯涛,26,重庆,2023-12-12
1643,狄娜,32,杭州,2023-12-14
1644,丁飞,57,西安,2025-02-20
1645,耿平,42,重庆,2024-01-28
1646,翟燕,22,上海,2024-12-10
1647,柳莲,28,重庆,2024-10-15
1648,司娜,51,深圳,2023-12-07
1649,红娟,41,成都,2024-06-20
1650,山平,32,成都,2025-04-01
1651,花超,55,成都,2024-07-25
1652,罗华,25,上海,2024-06-20
1653,金辉,22,武汉,2025-04-09
1654,竺鹏,65,成都,2024-09-27
1655,夔婷,43,北京,2025-08-06
1656,姜玲,35,上海,2023-04-14
1657,权峰,23,武汉,2024-06-13
1658,甘志,54,北京,2024-12-25
1659,沃宁,65,北京,2025-01-22
1660,都萍,30,北京,2025-06-22
1661,赖燕,45,南京,2023-11-19
1662,禄毅,22,深圳,2024-09-26
1663,滑梅,30,深圳,2025-07-06
1664,隆莲,34,上海,2023-10-07
1665,华宁,57,北京,2024-07-08
1666,杜志,62,西安,2025-07-12
1667,伊毅,49,重庆,2025-05-10
1668,廖琳,46,武汉,2024-01-01
1669,尚龙,20,深圳,2025-06-14
1670,养鹏,57,成都,2025-11-27
1671,栾华,51,上海,2025-03-21
1672,窦杰,57,武汉,2025-04-03
1673,关超,44,上海,2023-06-03
1674,何红,30,西安,2023-02-07
1675,扶婷,62,南京,2024-09-23
1676,时芳,50,南京,2025-09-19
1677,房燕,23,北京,2023-04-29
1678,常勇,41,南京,2025-07-04
1679,管龙,36,上海,2023-01-10
1680,古英,33,成都,2024-05-12
1681,濮静,57,北京,2024-08-27
1682,阚云,45,杭州,2023-05-19
1683,计平,50,武汉,2025-07-15
1684,邹波,65,西安,2023-03-20
1685,谭静,58,北京,2024-10-03
1686,贲彬,30,上海,2024-09-28
1687,贝兰,60,武汉,2025-03-20
1688,包玲,62,成都,2024-10-12
1689,权莲,42,广州,2023-11-28
1690,权军,59,西安,2024-12-21
1691,东娟,53,上海,2023-06-29
1692,屈强,44,西安,2025-09-22
1693,夔洁,55,深圳,2024-04-19
1694,袁红,24,广州,2025-06-16
1695,党芳,22,武汉,2024-01-15
1696,屠云,60,南京,2023-02-19
1697,籍英,62,上海,2025-12-07
1698,施娟,48,西安,2024-03-06
1699,满斌,40,武汉,2024-07-30
1700,蔺军,59,南京,2025-11-23
1701,卞文,27,成都,2023-07-08
1702,谢华,49,成都,2023-07-19
1703,慎林,60,西安,2025-10-17
1704,隆艳,47,北京,2023-03-09
1705,凤刚,56,深圳,2024-08-25
1706,冷琴,48,北京,2023-05-20
1707,柏伟,35,深圳,2025-05-19
1708,祖敏,53,上海,2024-06-19
1709,奚强,19,杭州,2023-08-07
1710,卜莲,31,西安,2024-11-29
1711,柏毅,30,重庆,2025-07-31
1712,席洁,46,西安,2023-03-29
1713,暴梅,29,广州,2023-10-08
1714,万超,56,南京,2025-04-26
1715,殳刚,19,广州,2025-08-16
1716,李龙,49,成都,2025-01-28
1717,荆飞,30,深圳,2023-05-04
1718,水晶,63,南京,2024-08-13
1719,鄂鹏,44,成都,2025-04-15
1720,师秀,58,南京,2023-08-25
1721,奚琳,34,北京,2025-05-09
1722,仰洁,57,成都,2024-03-30
1723,寇阳,48,北京,2024-09-05
1724,乐勇,51,北京,2024-12-12
1725,红玉,41,南京,2025-08-26
1726,贡琴,62,武汉,2024-10-02
1727,殷娜,52,广州,2024-09-07
1728,须芳,65,成都,2025-11-01
1729,申军,23,重庆,2024-03-24
1730,吕健,36,武汉,2023-07-16
1731,庄莲,47,广州,2024-07-24
1732,劳鹏,24,成都,2025-01-15
1733,狄玲,27,深圳,2025-08-03
1734,汲杰,58,广州,2023-08-30
1735,平志,49,重庆,2024-02-26
1736,阮军,51,西安,2023-02-08
1737,顾林,45,上海,2025-09-14
1738,竺琴,32,北京,2023-05-07
1739,逄鹏,47,上海,2025-05-10
1740,欧辉,54,武汉,2023-08-21
1741,昌宁,46,西安,2024-07-22
1742,边兰,39,北京,2025-10-11
1743,杭华,21,成都,2025-12-10
1744,匡军,37,武汉,2024-06-17
1745,盛彬,49,重庆,2025-07-09
1746,尹英,53,南京,2023-03-27
1747,暴秀,21,成都,2025-07-12
1748,文燕,44,广州,2024-04-22
1749,燕健,34,南京,2023-04-20
1750,却玉,29,武汉,2025-06-12
1751,万雪,39,广州,2025-11-26
1752,孙萍,34,重庆,2023-05-17
1753,伏红,27,上海,2025-09-01
1754,包华,18,广州,2023-06-26
1755,巢娟,39,上海,2024-07-15
1756,司娟,43,北京,2023-05-30
1757,洪英,35,深圳,2024-04-26
1758,姬杰,31,杭州,2024-01-30
1759,步亮,64,成都,2025-08-08
1760,郭彬,46,杭州,2024-04-19
1761,莘辉,29,北京,2025-08-28
1762,巢宁,53,广州,2023-08-31
1763,窦林,52,北京,2024-09-26
1764,咸亮,29,杭州,2024-08-24
1765,边琳,24,杭州,2024-06-06
1766,农毅,46,成都,2024-12-16
1767,尤莲,28,南京,2024-12-29
1768,党琴,50,西安,2023-07-01
1769,郝洁,23,北京,2025-07-21
1770,成婷,64,深圳,2024-08-13
1771,符超,32,西安,2025-02-03
1772,左华,49,北京,2025-01-17
1773,舒龙,28,重庆,2023-09-03
1774,蔺浩,40,武汉,2024-08-02
1775,于健,43,武汉,2023-05-11
1776,雍宁,51,杭州,2025-11-07
1777,丰凤,63,武汉,2023-03-16
1778,何龙,51,上海,2024-04-14
1779,蓟磊,46,深圳,2025-06-12
1780,强萍,21,武汉,2023-11-20
1781,吕平,34,广州,2024-03-24
1782,包英,52,上海,2025-11-27
1783,斜强,30,西安,2025-07-01
1784,耿丽,58,上海,2023-06-12
1785,訾艳,56,北京,2024-07-21
1786,查珍,32,杭州,2024-05-23
1787,谭超,46,成都,2023-10-22
1788,弘凤,46,成都,2025-12-29
1789,冀平,28,重庆,2025-03-08
1790,杜晶,49,深圳,2025-09-11
1791,成凤,19,北京,2025-02-25
1792,丁玉,64,成都,2023-09-27
1793,韶平,31,杭州,2025-03-25
1794,汤雪,37,西安,2023-09-08
1795,宋平,39,成都,2023-10-18
1796,衡玲,28,广州,2024-02-12
1797,郝杰,44,上海,2023-08-05
1798,诸华,20,成都,2024-10-12
1799,宋玉,34,北京,2025-08-28
1800,房阳,61,武汉,2025-02-07
1801,沃英,45,武汉,2025-11-21
1802,狄文,46,西安,2023-04-21
1803,靳明,38,武汉,2023-02-25
1804,施健,64,西安,2024-04-25
1805,温勇,33,北京,2023-04-26
1806,慎彬,54,深圳,2024-06-27
1807,濮强,37,武汉,2024-09-10
1808,卞晶,23,重庆,2024-12-29
1809,顾秀,36,杭州,2023-05-30
1810,郦彬,22,上海,2024-12-02
1811,毋静,20,武汉,2024-10-08
1812,明秀,18,西安,2025-07-17
1813,束雪,55,北京,2023-01-10
1814,计秀,32,武汉,2023-05-04
1815,殷志,51,成都,2025-07-25
1816,文雪,52,武汉,2024-04-04
1817,乜晶,42,西安,2025-07-06
1818,斜明,41,广州,2025-09-18
1819,嵇婷,29,广州,2023-11-28
1820,方涛,35,武汉,2024-09-11
1821,乔艳,32,上海,2025-09-04
1822,郝杰,61,北京,2024-05-29
1823,叶彬,33,重庆,2023-06-06
1824,苍磊,44,重庆,2023-07-28
1825,韶彬,25,武汉,2024-09-11
1826,瞿彬,63,武汉,2023-01-28
1827,蔚云,42,广州,2025-12-18
1828,富莉,34,西安,2023-04-12
1829,施萍,46,上海,2024-04-14
1830,韶凤,25,武汉,2024-11-17
1831,尚波,32,重庆,2024-08-14
1832,雷英,44,北京,2024-08-22
1833,苑毅,63,深圳,2024-08-14
1834,潘秀,24,成都,2025-07-30
1835,谭红,20,武汉,2023-10-22
1836,和飞,46,西安,2024-08-19
1837,后健,61,武汉,2023-03-01
1838,乔平,41,西安,2023-02-02
1839,李琴,20,上海,2023-12-27
1840,毛梅,37,深圳,2023-05-01
1841,诸勇,63,杭州,2024-04-13
1842,侯红,32,北京,2024-06-25
1843,闻珍,42,北京,2025-12-29
1844,石娜,47,西安,2025-12-12
1845,惠波,31,广州,2023-10-31
1846,姬雪,24,西安,2025-02-28
1847,吉红,34,广州,2023-05-05
1848,胡琳,61,南京,2024-06-04
1849,辛花,37,重庆,2023-06-06
1850,倪宁,53,北京,2025-07-08
1851,宋玉,26,上海,2024-09-20
1852,融军,55,西安,2023-08-08
1853,贝玉,65,上海,2025-09-11
1854,解杰,39,深圳,2023-06-10
1855,翁海,19,上海,2025-06-04
1856,彭阳,41,武汉,2023-09-21
1857,柴静,25,重庆,2023-08-29
1858,戚萍,28,武汉,2024-09-23
1859,吉志,30,成都,2023-10-30
1860,许晶,34,西安,2024-02-15
1861,曲燕,25,北京,2024-01-27
1862,庄龙,38,西安,2025-10-12
1863,余娟,35,重庆,2025-10-08
1864,吴林,47,杭州,2024-12-02
1865,国玲,35,杭州,2023-05-20
1866,秦志,63,成都,2023-03-15
1867,齐峰,64,重庆,2023-03-09
1868,舒杰,48,南京,2023-01-19
1869,奚琳,55,南京,2023-07-19
1870,甄娜,49,南京,2024-02-27
1871,於珍,28,北京,2024-02-20
1872,湛宁,62,北京,2024-07-08
1873,訾毅,42,南京,2023-02-07
1874,彭花,50,杭州,2023-07-02
1875,冉凤,55,重庆,2024-10-21
1876,童志,58,上海,2023-03-07
1877,尹晶,25,重庆,2024-01-29
1878,家辉,28,南京,2024-11-03
1879,余云,39,重庆,2023-09-11
1880,花平,41,深圳,2025-12-28
1881,邱丽,58,北京,2025-09-05
1882,卓娟,34,北京,2023-10-09
1883,莘燕,29,杭州,2024-04-15
1884,伊珍,63,上海,2024-08-30
1885,郜龙,49,南京,2023-02-23
1886,解娜,32,西安,2023-05-22
1887,祖阳,33,杭州,2025-07-05
1888,柳静,39,杭州,2025-09-13
1889,滑华,45,上海,2023-04-13
1890,冷海,37,武汉,2024-05-24
1891,万凤,50,南京,2025-04-08
1892,屠飞,27,西安,2024-03-07
1893,麻鹏,57,北京,2024-06-23
1894,郎娜,49,上海,2023-01-22
1895,游静,50,西安,2024-10-24
1896,申阳,19,深圳,2024-08-15
1897,虞玲,50,杭州,2025-03-10
1898,濮雪,50,上海,2024-06-05
1899,红阳,58,北京,2025-05-19
1900,蒯明,30,重庆,2025-09-14
1901,关林,47,北京,2023-11-10
1902,强明,50,深圳,2023-10-07
1903,汪亮,30,上海,2023-07-22
1904,艾婷,43,深圳,2024-09-13
1905,花毅,39,南京,2023-02-15
1906,云秀,56,南京,2024-12-21
1907,李林,19,重庆,2025-01-31
1908,韶秀,55,杭州,2025-04-02
1909,万娟,56,武汉,2023-08-24
1910,牛英,43,广州,2024-06-13
1911,孟洁,63,西安,2024-05-16
1912,伏强,32,深圳,2024-08-18
1913,郁英,51,西安,2023-12-28
1914,党平,59,重庆,2025-10-10
1915,宣莉,61,西安,2025-03-04
1916,师浩,57,西安,2024-03-22
1917,鲍兰,28,北京,2024-04-13
1918,巩伟,20,上海,2023-03-13
1919,沃超,23,杭州,2025-05-11
1920,边斌,26,广州,2025-09-01
1921,诸雪,23,上海,2025-10-07
1922,劳萍,26,北京,2025-05-20
1923,路秀,56,西安,2024-06-24
1924,宗雪,48,广州,2024-08-06
1925,台玲,49,北京,2024-05-14
1926,松凤,58,北京,2025-01-18
1927,曲娟,29,北京,2025-11-02
1928,顾健,25,南京,2024-07-20
1929,师亮,25,广州,2025-06-08
1930,马玉,45,北京,2025-09-01
1931,熊莉,37,武汉,2025-09-11
1932,滑勇,64,西安,2025-01-21
1933,相阳,24,广州,2023-06-09
1934,周波,28,南京,2024-02-09
1935,台彬,37,深圳,2024-01-14
1936,慎玉,33,深圳,2024-06-16
1937,蓟红,21,杭州,2023-04-19
1938,宰超,23,成都,2024-07-02
1939,昌强,39,武汉,2023-12-05
1940,明英,43,深圳,2024-11-22
1941,慎浩,20,南京,2023-03-09
1942,荆红,58,成都,2023-08-23
1943,包莲,59,北京,2023-05-14
1944,堵凤,31,北京,2024-10-20
1945,褚丽,28,重庆,2025-12-14
1946,邓健,35,西安,2023-10-16
1947,牛龙,29,成都,2023-09-14
1948,盛兰,40,西安,2023-07-18
1949,殳琳,29,南京,2024-05-23
1950,蒯娟,30,武汉,2025-05-09
1951,云秀,42,成都,2023-03-10
1952,林琴,62,深圳,2023-09-03
1953,罗文,36,武汉,2025-05-10
1954,干琴,63,重庆,2024-08-13
1955,茹莉,53,西安,2025-12-09
1956,柏杰,62,西安,2024-01-08
1957,宗斌,25,武汉,2025-06-17
1958,支燕,46,北京,2024-12-03
1959,贾红,49,西安,2023-12-16
1960,宫花,61,重庆,2023-12-30
1961,冀梅,35,深圳,2023-05-10
1962,卞林,23,广州,2023-07-16
1963,卫宁,35,深圳,2025-01-04
1964,熊花,36,深圳,2023-05-30
1965,融涛,39,西安,2025-03-11
1966,卞丽,54,上海,2024-11-01
1967,鲁毅,49,北京,2025-09-13
1968,龙伟,58,西安,2024-08-16
1969,惠军,20,北京,2025-10-31
1970,麻磊,45,南京,2024-04-03
1971,匡霞,27,上海,2025-02-17
1972,宋宁,52,西安,2023-05-08
1973,盛琴,46,杭州,2024-09-20
1974,费平,32,深圳,2024-06-30
1975,康强,50,南京,2024-08-17
1976,广莉,24,上海,2023-01-17
1977,卢娟,29,西安,2023-12-03
1978,党莲,47,重庆,2025-01-08
1979,宫飞,38,武汉,2023-03-18
1980,党健,48,武汉,2023-03-20
1981,庄琴,41,北京,2024-01-27
1982,游云,37,上海,2024-12-13
1983,暨晶,54,深圳,2024-11-07
1984,宣莲,21,深圳,2024-02-15
1985,谈浩,45,广州,2024-08-21
1986,胡梅,61,武汉,2025-12-25
1987,季鹏,37,南京,2025-11-05
1988,吴平,41,上海,2023-05-21
1989,益峰,49,深圳,2023-02-07
1990,林莲,58,广州,2024-03-03
1991,周琳,53,上海,2023-01-03
1992,幸芳,51,成都,2025-06-06
1993,苑玉,53,深圳,2025-12-26
1994,徐海,19,成都,2024-04-05
1995,李玲,32,上海,2024-05-30
1996,靳洁,51,深圳,2025-02-13
1997,梁飞,53,成都,2024-07-30
1998,蒯艳,23,杭州,2023-04-10
1999,嵇辉,56,广州,2023-09-19
2000,云琴,59,南京,2023-05-06
2001,舒霞,29,武汉,2024-10-10
2002,耿梅,20,广州,2025-12-20
2003,和杰,62,成都,2024-04-13
2004,贺丽,35,深圳,2024-11-01
2005,终秀,57,杭州,2023-03-18
2006,甘燕,38,杭州,2024-12-24
2007,容玲,32,武汉,2025-06-16
2008,昝勇,50,杭州,2025-11-28
2009,曹杰,52,广州,2023-04-26
2010,苗红,43,西安,2025-10-03
2011,费花,25,杭州,2023-04-19
2012,周磊,53,武汉,2024-05-04
2013,邬阳,65,杭州,2025-02-06
2014,臧梅,47,杭州,2023-06-25
2015,霍凤,40,重庆,2024-08-05
2016,符斌,59,广州,2025-10-20
2017,苏强,61,成都,2024-06-03
2018,贾静,31,北京,2024-06-02
2019,谭雪,31,西安,2025-03-31
2020,萧艳,19,杭州,2023-05-29
2021,滑军,54,南京,2025-03-28
2022,刘超,22,杭州,2024-08-25
2023,伊宁,55,重庆,2025-11-06
2024,秦浩,62,成都,2023-08-10
2025,关平,58,南京,2023-03-24
2026,禄阳,64,西安,2024-02-15
2027,翁晶,31,南京,2024-07-27
2028,管文,56,广州,2023-10-29
2029,鞠宁,42,武汉,2024-05-31
2030,逄辉,37,武汉,2024-06-12
2031,韶玲,19,西安,2023-06-02
2032,包林,56,成都,2024-07-10
2033,阙军,23,武汉,2025-12-15
2034,熊兰,34,上海,2025-04-26
2035,王海,42,重庆,2024-11-24
2036,童超,45,西安,2023-04-14
2037,项强,19,西安,2025-06-09
2038,边燕,52,北京,2024-03-01
2039,庄峰,54,北京,2024-06-30
2040,范杰,22,广州,2025-05-29
2041,台华,18,广州,2024-05-06
2042,艾晶,57,北京,2024-02-20
2043,益强,29,武汉,2023-03-06
2044,杭飞,53,深圳,2025-09-29
2045,闻勇,62,西安,2025-08-04
2046,蓟斌,40,上海,2023-02-28
2047,堵玉,64,西安,2024-11-12
2048,仰伟,48,杭州,2024-08-20
2049,巩凤,28,成都,2023-02-17
2050,乜辉,27,重庆,2023-03-18
2051,何燕,20,深圳,2024-11-08
2052,仰莲,31,上海,2024-11-20
2053,勾玲,33,杭州,2023-03-18
2054,却刚,27,广州,2025-08-10
2055,贲花,46,上海,2023-04-26
2056,景莉,27,北京,2024-11-28
2057,晏磊,29,西安,2024-10-12
2058,能浩,47,上海,2023-06-12
2059,骆莲,58,成都,2024-11-18
2060,石芳,18,南京,2023-04-09
2061,终花,22,广州,2024-12-07
2062,平志,37,重庆,2024-08-09
2063,左斌,25,重庆,2024-07-01
2064,沙华,60,上海,2025-04-11
2065,莘玲,29,南京,2023-10-13
2066,阴琳,18,西安,2025-09-21
2067,姬志,37,杭州,2023-08-17
2068,梅梅,45,深圳,2025-05-07
2069,居丽,60,西安,2023-05-13
2070,韦强,54,杭州,2025-12-23
2071,岑林,64,深圳,2024-08-03
2072,朱军,54,南京,2024-09-26
2073,黎军,29,深圳,2023-08-30
2074,朱娜,54,西安,2024-01-20
2075,薄敏,61,成都,2025-09-30
2076,石志,45,上海,2024-08-07
2077,曾伟,64,杭州,2024-10-24
2078,禹晶,32,成都,2023-06-01
2079,云玉,23,杭州,2024-12-23
2080,暨峰,61,上海,2023-08-05
2081,堵艳,37,武汉,2023-11-19
2082,崔亮,31,深圳,2024-09-08
2083,宦云,19,南京,2024-06-23
2084,何亮,26,武汉,2024-03-22
2085,田涛,54,武汉,2023-10-01
2086,蒙军,37,重庆,2025-01-28
2087,养刚,43,北京,2023-08-21
2088,陆涛,46,西安,2023-08-05
2089,郁健,18,成都,2024-06-08
2090,古刚,52,成都,2025-07-03
2091,游花,23,成都,2025-07-21
2092,花娜,54,成都,2023-02-26
2093,戎娟,22,西安,2024-08-28
2094,凤海,50,武汉,2025-10-16
2095,顾云,31,西安,2024-03-07
2096,干刚,29,成都,2024-10-23
2097,柴晶,59,北京,2023-09-02
2098,郁莲,37,广州,2023-09-27
2099,卢梅,41,上海,2023-02-12
2100,谌艳,60,成都,2023-05-26
2101,养秀,51,南京,2024-01-29
2102,屈超,42,广州,2023-12-22
2103,苑凤,46,西安,2025-01-24
2104,甘洁,56,南京,2024-09-11
2105,赵鹏,48,南京,2023-04-20
2106,庄平,64,杭州,2023-12-28
2107,贺芳,60,南京,2023-11-01
2108,夏涛,40,成都,2024-06-11
2109,万龙,61,杭州,2023-10-21
2110,厍晶,55,重庆,2025-10-15
2111,申军,37,武汉,2025-08-16
2112,许凤,40,南京,2025-07-03
2113,常辉,62,北京,2024-08-05
2114,石明,33,上海,2023-09-08
2115,闵静,59,南京,2025-04-22
2116,桂珍,25,重庆,2024-04-27
2117,臧宁,38,深圳,2023-08-28
2118,卢雪,18,西安,2025-01-17
2119,蓟志,25,西安,2023-05-22
2120,居敏,46,重庆,2024-04-21
2121,丰静,49,深圳,2025-10-22
2122,金凤,55,西安,2025-03-10
2123,郗晶,22,西安,2023-08-24
2124,鲍宁,64,西安,2024-09-18
2125,弘文,39,重庆,2023-10-19
2126,戈敏,64,武汉,2024-09-16
2127,樊斌,51,上海,2025-11-26
2128,党斌,18,重庆,2023-04-04
2129,鄂勇,43,深圳,2023-11-11
2130,曹娟,60,南京,2025-10-16
2131,权明,27,武汉,2023-09-28
2132,全玉,47,武汉,2025-09-11
2133,羊勇,35,南京,2024-10-06
2134,干阳,34,北京,2023-01-12
2135,桂刚,43,杭州,2023-03-30
2136,甄静,25,上海,2024-10-08
2137,甄琳,64,上海,2023-07-04
2138,敖龙,57,北京,2025-06-05
2139,贺莲,29,杭州,2025-05-28
2140,邵洁,44,上海,2025-12-23
2141,满刚,25,深圳,2024-11-04
2142,宦明,42,广州,2024-02-13
2143,柏琳,63,广州,2025-08-28
2144,蓬娜,21,上海,2025-11-25
2145,牛军,50,成都,2025-06-23
2146,欧梅,18,上海,2024-12-04
2147,石玲,36,南京,2025-08-07
2148,昝秀,48,南京,2024-11-30
2149,匡龙,33,杭州,2023-10-22
2150,樊峰,31,西安,2025-04-09
2151,宦秀,65,武汉,2024-05-18
2152,罗敏,22,深圳,2023-11-09
2153,庞华,58,北京,2025-03-17
2154,龚龙,43,上海,2024-02-20
2155,鞠军,45,西安,2025-04-11
2156,相明,19,西安,2025-07-01
2157,鱼林,23,深圳,2023-12-12
2158,刁斌,26,北京,2025-12-03
2159,晁鹏,50,南京,2025-02-11
2160,暴芳,58,重庆,2023-04-24
2161,房宁,42,深圳,2023-03-04
2162,莘涛,65,西安,2023-05-17
2163,贡莲,30,广州,2023-01-29
2164,郜飞,26,上海,2023-10-22
2165,敖超,30,杭州,2024-01-30
2166,扈辉,48,广州,2023-07-01
2167,康鹏,58,西安,2024-10-15
2168,湛敏,28,武汉,2024-07-15
2169,刘磊,21,成都,2024-12-23
2170,荣娜,51,北京,2025-07-19
2171,文莉,55,南京,2024-12-28
2172,方鹏,63,上海,2024-03-07
2173,耿萍,21,杭州,2024-02-20
2174,邢彬,55,重庆,2025-01-19
2175,万莉,36,南京,2024-11-04
2176,庄杰,23,上海,2024-07-18
2177,邵莲,51,重庆,2025-07-11
2178,简强,35,杭州,2025-02-19
2179,董兰,30,西安,2025-07-11
2180,薄花,58,成都,2025-02-19
2181,乐峰,40,广州,2023-01-20
2182,隆凤,36,广州,2025-07-10
2183,古萍,62,西安,2024-12-10
2184,丛玉,28,南京,2023-02-13
2185,姜娟,18,西安,2023-10-15
2186,荣刚,41,西安,2025-01-18
2187,郭勇,24,上海,2025-10-30
2188,应娜,42,上海,2025-09-12
2189,倪宁,38,杭州,2023-04-04
2190,滑波,32,成都,2025-03-14
2191,屈波,18,上海,2025-09-30
2192,霍娟,29,杭州,2023-01-14
2193,翟涛,24,武汉,2024-10-02
2194,弘健,32,西安,2025-06-30
2195,翟林,38,西安,2024-12-19
2196,倪燕,36,南京,2024-07-30
2197,辛波,46,武汉,2024-11-20
2198,罗斌,42,南京,2023-09-22
2199,邹杰,50,重庆,2024-08-13
2200,支宁,49,杭州,2023-04-26
2201,杨娟,52,杭州,2023-01-07
2202,汲霞,61,西安,2024-05-21
2203,伊婷,55,深圳,2025-09-16
2204,和勇,43,重庆,2024-01-20
2205,平龙,28,杭州,2025-02-06
2206,茹秀,52,上海,2024-04-13
2207,却志,25,西安,2023-07-04
2208,茅华,63,南京,2024-12-26
2209,沈静,31,武汉,2023-08-14
2210,巩婷,27,南京,2025-08-27
2211,鄂燕,19,广州,2024-10-25
2212,耿雪,63,深圳,2024-10-10
2213,荣英,26,杭州,2024-08-01
2214,倪涛,20,成都,2025-04-04
2215,戴波,38,北京,2023-09-20
2216,谌毅,43,深圳,2023-01-18
2217,娄萍,25,西安,2025-05-21
2218,后龙,65,杭州,2024-03-15
2219,祁杰,19,武汉,2025-08-18
2220,仰燕,23,杭州,2023-07-31
2221,卢娟,45,北京,2025-06-25
2222,董洁,46,武汉,2023-05-16
2223,吕花,43,南京,2024-11-24
2224,虞秀,42,武汉,2025-08-01
2225,后平,29,深圳,2025-05-02
2226,方娟,22,南京,2025-01-31
2227,吕平,51,杭州,2024-08-18
2228,莘花,65,西安,2023-11-12
2229,何云,54,重庆,2025-03-18
2230,谌涛,32,西安,2025-10-11
2231,徐洁,61,杭州,2023-03-25
2232,田娟,53,北京,2025-07-22
2233,卞霞,32,重庆,2025-10-07
2234,茹飞,60,杭州,2024-09-08
2235,屠浩,65,成都,2023-08-31
2236,步静,40,深圳,2024-04-28
2237,沙杰,23,成都,2024-09-10
2238,燕超,63,南京,2025-06-19
2239,汲娟,61,广州,2025-06-21
2240,蒋浩,60,杭州,2024-07-20
2241,农彬,62,上海,2024-03-23
2242,斜辉,38,上海,2024-12-19
2243,管飞,40,武汉,2023-02-21
2244,巢磊,60,西安,2023-09-12
2245,袁琴,33,西安,2023-02-06
2246,诸平,64,西安,2023-09-30
2247,阚花,32,成都,2024-09-17
2248,赖超,42,深圳,2025-11-17
2249,逄敏,53,杭州,2023-04-19
2250,刘毅,28,北京,2025-05-10
2251,缪杰,32,武汉,2025-03-17
2252,罗龙,21,南京,2024-01-24
2253,简波,38,重庆,2025-01-06
2254,胡花,30,南京,2023-05-22
2255,刘霞,39,杭州,2025-01-12
2256,古军,36,广州,2024-12-10
2257,薛伟,51,西安,2024-03-29
2258,容芳,31,重庆,2024-04-18
2259,戎莉,21,成都,2024-03-21
2260,台志,65,杭州,2024-12-05
2261,白涛,63,广州,2023-01-16
2262,尚娟,44,成都,2025-03-10
2263,储静,46,广州,2023-12-31
2264,柴明,64,西安,2024-05-10
2265,劳秀,45,成都,2023-02-09
2266,易强,52,深圳,2023-11-03
2267,平强,25,上海,2023-04-20
2268,弘敏,33,南京,2024-02-22
2269,罗华,59,深圳,2023-09-08
2270,寿兰,53,重庆,2023-02-13
2271,奚军,47,武汉,2025-09-16
2272,糜杰,35,上海,2025-02-20
2273,殳秀,19,深圳,2023-09-23
2274,寇浩,30,杭州,2025-04-26
2275,游晶,21,广州,2024-06-14
2276,尤龙,43,重庆,2023-09-26
2277,夏凤,42,杭州,2025-11-22
2278,邢龙,47,上海,2025-10-30
2279,侯鹏,28,广州,2025-11-29
2280,束军,24,重庆,2023-06-08
2281,晁兰,48,武汉,2025-11-11
2282,郁云,61,上海,2024-02-13
2283,狄志,27,重庆,2023-06-21
2284,魏健,56,深圳,2024-08-06
2285,须阳,30,重庆,2025-10-15
2286,乜梅,48,上海,2024-05-13
2287,慕红,24,西安,2023-01-22
2288,郁晶,59,深圳,2023-08-31
2289,岑云,59,杭州,2024-01-14
2290,须英,53,上海,2024-07-15
2291,顾飞,37,西安,2023-05-14
2292,钟伟,21,北京,2024-11-04
2293,酆浩,24,武汉,2025-08-07
2294,古宁,18,西安,2025-03-18
2295,禹梅,61,北京,2023-04-23
2296,张凤,62,南京,2024-01-09
2297,冉伟,59,广州,2025-05-26
2298,暨飞,64,西安,2023-12-12
2299,梅玉,30,成都,2024-01-15
2300,邹霞,39,武汉,2023-03-31
2301,咸琳,38,西安,2025-10-30
2302,李华,39,北京,2023-01-04
2303,裘洁,45,成都,2025-08-17
2304,乜亮,26,武汉,2024-05-24
2305,余斌,43,成都,2023-08-11
2306,解晶,26,深圳,2023-01-13
2307,龙文,32,北京,2025-09-28
2308,贺婷,27,重庆,2025-10-29
2309,易娟,41,深圳,2025-12-16
2310,闻娟,59,武汉,2025-04-13
2311,汲亮,25,武汉,2025-10-19
2312,池珍,41,上海,2023-02-10
2313,养莲,33,北京,2025-04-13
2314,闻涛,43,南京,2024-11-12
2315,寿玉,44,南京,2024-12-27
2316,单勇,54,武汉,2023-04-28
2317,郭斌,21,南京,2025-01-11
2318,程健,41,广州,2025-04-23
2319,充雪,36,上海,2024-03-27
2320,别林,53,武汉,2025-03-01
2321,竺燕,56,南京,2025-10-05
2322,万辉,27,北京,2024-10-21
2323,汲阳,42,西安,2023-07-08
2324,纪娟,35,重庆,2023-12-30
2325,蔡平,36,深圳,2025-07-12
2326,蔡军,53,深圳,2023-12-06
2327,龚龙,27,广州,2024-06-21
2328,汪浩,50,成都,2025-07-14
2329,咸海,22,北京,2024-01-11
2330,郜涛,64,成都,2025-11-13
2331,应花,52,上海,2025-05-16
2332,阴琳,61,重庆,2024-03-14
2333,莫龙,51,上海,2025-02-15
2334,昌涛,50,武汉,2025-04-11
2335,乜浩,38,北京,2025-11-25
2336,荣伟,34,武汉,2023-11-25
2337,霍华,39,杭州,2025-02-28
2338,别斌,65,南京,2025-06-06
2339,景军,54,深圳,2024-04-18
2340,池芳,32,西安,2023-05-05
2341,寿琴,52,武汉,2024-10-10
2342,狄玲,45,成都,2024-07-18
2343,萧红,24,杭州,2024-10-12
2344,苍琳,49,深圳,2024-11-28
2345,秋辉,28,武汉,2025-02-03
2346,郝辉,27,杭州,2023-07-25
2347,袁志,26,杭州,2024-04-22
2348,冉涛,31,北京,2023-03-09
2349,翟莲,30,上海,2024-12-16
2350,柯婷,42,杭州,2024-11-10
2351,訾珍,19,广州,2025-07-10
2352,祝磊,52,上海,2025-03-18
2353,霍莲,24,深圳,2023-12-01
2354,宫勇,38,深圳,2024-03-19
2355,韩娟,35,深圳,2025-05-31
2356,沃军,20,深圳,2025-06-26
2357,裴磊,59,广州,2023-08-06
2358,侯雪,56,武汉,2025-12-18
2359,訾秀,58,重庆,2024-08-28
2360,杭兰,28,杭州,2023-06-18
2361,邵毅,56,深圳,2023-09-07
2362,逯珍,41,上海,2025-11-04
2363,薛亮,63,上海,2023-12-05
2364,敖丽,36,杭州,2024-11-22
2365,厉娜,21,武汉,2024-07-30
2366,衡英,43,西安,2025-03-17
2367,茅勇,55,西安,2023-03-25
2368,宦晶,59,重庆,2024-12-23
2369,左雪,49,武汉,2025-04-06
2370,融玉,56,杭州,2024-10-14
2371,卢英,62,西安,2025-05-02
2372,杨阳,63,西安,2023-07-12
2373,任英,53,西安,2023-05-27
2374,武鹏,57,成都,2024-10-22
2375,刘秀,54,广州,2024-11-20
2376,牛平,50,杭州,2023-07-11
2377,苗艳,53,南京,2025-04-25
2378,饶斌,20,北京,2025-06-13
2379,扶海,26,北京,2023-02-24
2380,蔡洁,25,武汉,2024-10-29
2381,农萍,50,杭州,2025-06-28
2382,鱼刚,23,杭州,2023-09-03
2383,于洁,58,北京,2023-06-29
2384,谢玲,56,重庆,2025-04-17
2385,晁玉,21,北京,2025-01-09
2386,郗莲,30,杭州,2024-10-19
2387,晁杰,19,西安,2023-01-02
2388,广宁,22,重庆,2024-05-25
2389,简丽,61,深圳,2024-07-08
2390,温兰,44,南京,2025-11-20
2391,扶亮,49,成都,2023-12-21
2392,宫鹏,38,广州,2024-05-18
2393,封志,25,深圳,2025-07-04
2394,方兰,55,上海,2023-07-13
2395,怀磊,25,北京,2023-06-22
2396,臧彬,20,南京,2024-02-28
2397,边龙,61,北京,2024-02-18
2398,毕浩,20,北京,2025-08-08
2399,苍洁,39,深圳,2024-01-16
2400,宦玲,23,西安,2024-12-29
2401,毛霞,19,西安,2024-10-19
2402,桑晶,40,成都,2024-11-06
2403,郗静,61,重庆,2024-01-18
2404,扈志,19,北京,2023-08-19
2405,赖莉,55,武汉,2023-03-31
2406,廉敏,34,西安,2025-09-04
2407,吉伟,52,杭州,2023-06-08
2408,訾丽,51,南京,2025-12-08
2409,梅明,40,武汉,2024-11-22
2410,全琴,47,深圳,2024-06-18
2411,支洁,25,深圳,2023-04-02
2412,滑莲,39,成都,2024-08-10
2413,米阳,61,成都,2023-02-13
2414,汤刚,53,重庆,2024-06-01
2415,裴艳,22,杭州,2023-12-23
2416,糜鹏,30,南京,2024-05-14
2417,欧勇,46,杭州,2025-09-06
2418,吴文,48,上海,2025-07-05
2419,冯宁,64,成都,2023-07-13
2420,蓟婷,33,重庆,2025-02-14
2421,葛文,59,广州,2023-10-16
2422,邴娟,47,北京,2025-04-17
2423,勾秀,33,北京,2025-12-05
2424,顾云,29,广州,2024-03-12
2425,车洁,34,西安,2025-09-28
2426,单杰,33,杭州,2024-06-09
2427,车健,29,广州,2024-10-27
2428,台飞,25,重庆,2023-12-10
2429,丛梅,37,南京,2023-01-01
2430,贡敏,20,广州,2024-03-26
2431,许燕,33,重庆,2025-05-07
2432,崔健,47,成都,2025-07-28
2433,韶勇,62,武汉,2023-01-14
2434,须娟,40,深圳,2025-08-20
2435,屠平,45,深圳,2025-07-03
2436,连明,57,上海,2023-01-29
2437,束华,22,杭州,2024-12-03
2438,廖秀,37,南京,2025-12-22
2439,华莲,57,武汉,2023-03-01
2440,吴娟,61,武汉,2023-09-18
2441,卓珍,18,成都,2025-09-24
2442,巢梅,47,广州,2025-06-11
2443,郁霞,38,杭州,2025-06-13
2444,卞飞,37,北京,2023-01-22
2445,庄花,23,武汉,2024-04-19
2446,郦敏,39,重庆,2023-12-31
2447,慎珍,35,北京,2023-03-29
2448,齐华,25,上海,2023-03-21
2449,徐鹏,56,广州,2024-10-12
2450,黎勇,49,广州,2023-07-12
2451,索林,50,南京,2023-04-15
2452,颜婷,33,武汉,2025-10-31
2453,宦红,29,成都,2025-07-11
2454,闵宁,55,西安,2023-04-24
2455,任毅,51,西安,2025-11-08
2456,农华,31,深圳,2024-12-29
2457,仇玉,53,重庆,2023-08-23
2458,余玉,50,北京,2023-11-11
2459,融阳,40,上海,2024-06-01
2460,顾斌,62,深圳,2024-08-21
2461,葛志,19,广州,2024-09-14
2462,安琳,58,北京,2025-03-12
2463,汲萍,38,杭州,2023-03-04
2464,寇花,19,武汉,2023-05-14
2465,终涛,44,上海,2024-06-24
2466,寿敏,26,杭州,2023-04-20
2467,居琳,18,成都,2023-01-06
2468,柳杰,28,武汉,2024-07-24
2469,符英,20,北京,2024-11-27
2470,蔡花,40,武汉,2025-01-24
2471,权超,43,深圳,2024-01-30
2472,夔英,21,南京,2023-08-27
2473,麻平,35,深圳,2024-11-08
2474,郗鹏,23,成都,2024-07-19
2475,栾娜,52,重庆,2024-02-10
2476,万军,39,杭州,2023-02-15
2477,苍莉,60,深圳,2023-01-24
2478,全兰,32,南京,2023-05-27
2479,娄玉,39,重庆,2025-12-11
2480,昌琴,54,深圳,2024-10-04
2481,燕娟,59,广州,2023-06-11
2482,沃宁,29,南京,2024-08-30
2483,殳平,64,杭州,2024-04-08
2484,干斌,59,上海,2024-05-01
2485,劳华,55,西安,2023-10-17
2486,周伟,35,重庆,2025-02-27
2487,靳平,62,广州,2024-09-30
2488,凤凤,52,上海,2023-02-26
2489,计红,47,北京,2024-07-10
2490,萧伟,41,南京,2023-10-14
2491,鱼强,59,广州,2023-06-11
2492,别志,47,武汉,2025-11-25
2493,终飞,31,北京,2023-05-16
2494,鲍林,23,北京,2024-12-20
2495,阎超,20,重庆,2024-10-04
2496,国彬,33,南京,2025-08-10
2497,俞辉,24,广州,2025-11-10
2498,邱娜,31,成都,2023-01-11
2499,窦晶,26,广州,2024-01-31
2500,童燕,32,深圳,2024-05-21
2501,阙红,38,北京,2023-07-01
2502,时辉,52,杭州,2025-03-03
2503,姜洁,19,北京,2023-08-25
2504,裘辉,44,北京,2025-11-08
2505,强浩,19,西安,2023-12-18
2506,喻晶,52,武汉,2023-08-06
2507,湛雪,35,成都,2025-03-01
2508,步丽,31,上海,2025-11-05
2509,殷玲,37,上海,2023-02-16
2510,习毅,35,武汉,2024-08-02
2511,伊丽,27,北京,2023-02-01
2512,秦磊,42,上海,2025-10-23
2513,桂琳,19,南京,2024-11-07
2514,仇彬,42,成都,2024-01-14
2515,蒲文,50,上海,2024-09-07
2516,暨毅,53,武汉,2025-01-05
2517,许红,48,深圳,2024-10-13
2518,邬娟,31,上海,2025-04-09
2519,荀平,18,成都,2023-02-01
2520,阚英,63,重庆,2024-03-01
2521,班莉,33,重庆,2023-10-14
2522,鞠刚,63,南京,2025-04-02
2523,戴超,20,广州,2023-07-18
2524,巩丽,52,广州,2023-03-23
2525,却兰,58,上海,2024-07-03
2526,夔洁,23,杭州,2025-09-30
2527,金峰,42,深圳,2025-09-15
2528,双静,30,武汉,2025-02-19
2529,祖琴,51,深圳,2024-12-26
2530,汪刚,25,重庆,2025-12-28
2531,何娜,38,上海,2023-04-17
2532,穆燕,51,成都,2024-04-28
2533,翁文,21,武汉,2024-02-09
2534,巩英,42,深圳,2023-01-03
2535,葛花,32,成都,2025-03-27
2536,穆强,21,武汉,2025-02-09
2537,萧宁,62,深圳,2023-03-26
2538,温阳,29,南京,2025-08-15
2539,翁海,49,重庆,2023-02-22
2540,党英,49,北京,2025-02-16
2541,双芳,45,武汉,2024-08-30
2542,尤敏,30,重庆,2025-07-09
2543,干超,48,西安,2025-03-03
2544,酆海,31,杭州,2025-09-22
2545,弘娜,37,上海,2023-11-21
2546,闻宁,35,西安,2023-10-05
2547,通毅,46,成都,2024-02-05
2548,柏宁,23,武汉,2023-12-12
2549,滕琴,49,上海,2024-02-09
2550,陈晶,46,上海,2023-04-02
2551,艾明,60,西安,2023-09-28
2552,冷伟,19,西安,2023-02-22
2553,伍彬,40,北京,2023-10-03
2554,胡浩,36,深圳,2023-01-11
2555,连亮,48,武汉,2024-01-13
2556,农亮,22,重庆,2024-08-30
2557,花阳,36,广州,2024-11-06
2558,别磊,51,武汉,2023-10-12
2559,汪兰,27,武汉,2023-02-25
2560,蒯兰,42,武汉,2024-10-24
2561,鲍斌,19,上海,2025-10-18
2562,贝健,28,成都,2024-06-13
2563,伍静,48,上海,2023-01-19
2564,鲍婷,32,成都,2025-10-16
2565,盖雪,26,西安,2023-05-13
2566,勾莲,40,广州,2023-08-12
2567,皮萍,36,上海,2025-01-12
2568,边勇,26,成都,2023-04-01
2569,马琳,52,上海,2023-07-07
2570,乐彬,38,杭州,2023-11-14
2571,蓟伟,26,上海,2023-05-18
2572,李毅,45,广州,2025-04-20
2573,范梅,63,广州,2023-10-08
2574,晁燕,24,成都,2023-10-07
2575,费勇,33,成都,2024-11-23
2576,暨云,33,西安,2023-08-14
2577,暴萍,50,广州,2023-05-20
2578,余志,21,广州,2024-03-05
2579,顾秀,21,北京,2023-05-05
2580,范凤,56,武汉,2024-04-18
2581,松刚,57,南京,2023-03-14
2582,熊军,34,上海,2025-05-21
2583,能志,54,深圳,2023-02-13
2584,诸浩,56,西安,2024-05-18
2585,古辉,46,武汉,2025-03-25
2586,华军,53,南京,2024-05-23
2587,郝英,55,北京,2024-11-22
2588,元华,56,深圳,2025-11-15
2589,施文,54,成都,2023-03-13
2590,左玲,52,广州,2025-11-01
2591,郗兰,24,杭州,2025-01-30
2592,宦敏,44,西安,2024-06-24
2593,凤毅,45,重庆,2024-03-20
2594,莘杰,39,广州,2023-10-30
2595,韩云,31,杭州,2025-06-17
2596,柳彬,24,南京,2023-12-24
2597,熊珍,54,成都,2023-08-26
2598,通梅,39,深圳,2024-01-06
2599,邵萍,22,南京,2025-12-13
2600,俞萍,19,广州,2023-08-26
2601,昌宁,44,广州,2025-04-05
2602,汲超,38,深圳,2025-02-21
2603,计阳,55,重庆,2025-03-19
2604,燕敏,32,杭州,2025-07-27
2605,班涛,38,南京,2023-01-08
2606,连雪,27,成都,2023-12-04
2607,荣婷,40,广州,2023-03-15
2608,戎文,56,南京,2023-05-03
2609,洪玲,22,重庆,2024-02-14
2610,缪强,18,南京,2025-01-06
2611,聂辉,30,深圳,2024-02-02
2612,贺林,38,成都,2024-07-07
2613,刘梅,43,北京,2024-11-01
2614,康萍,62,深圳,2025-03-28
2615,骆海,38,南京,2024-12-04
2616,终健,35,北京,2025-06-25
2617,申磊,54,广州,2024-03-05
2618,靳莉,62,北京,2024-06-04
2619,明艳,49,重庆,2025-10-13
2620,武芳,53,上海,2023-03-10
2621,须花,34,重庆,2024-09-26
2622,董斌,52,深圳,2025-07-13
2623,郗彬,28,上海,2024-08-13
2624,农毅,38,深圳,2023-06-05
2625,濮波,43,西安,2025-09-26
2626,施阳,21,成都,2024-07-05
2627,巢波,51,武汉,2024-02-29
2628,能英,65,广州,2023-03-25
2629,勾浩,35,广州,2025-10-31
2630,怀磊,57,西安,2025-01-01
2631,堵飞,52,南京,2024-01-03
2632,丰玲,58,杭州,2024-10-17
2633,薛霞,46,深圳,2024-09-28
2634,舒伟,46,武汉,2025-10-29
2635,司雪,55,武汉,2024-09-16
2636,訾莉,59,重庆,2023-08-22
2637,桂浩,38,重庆,2023-08-27
2638,符林,59,杭州,2025-03-18
2639,訾雪,30,南京,2023-12-11
2640,吉燕,58,西安,2025-06-28
2641,廖林,34,北京,2024-02-16
2642,易超,26,重庆,2025-02-01
2643,厍云,58,南京,2024-11-02
2644,朱梅,18,成都,2023-09-10
2645,权燕,19,广州,2025-01-25
2646,茹海,65,广州,2023-07-22
2647,隆志,46,南京,2025-09-11
2648,缪平,50,杭州,2025-11-10
2649,沃娟,27,西安,2023-10-09
2650,严超,57,武汉,2024-01-30
2651,石秀,38,杭州,2023-02-13
2652,何凤,45,南京,2025-11-20
2653,余刚,28,西安,2025-12-23
2654,那勇,51,西安,2024-02-22
2655,缪刚,25,深圳,2024-01-06
2656,袁花,39,上海,2023-11-03
2657,权龙,25,广州,2023-10-31
2658,荆斌,32,南京,2024-12-02
2659,郁云,34,武汉,2023-02-05
2660,越红,40,上海,2024-01-21
2661,华峰,41,成都,2024-03-25
2662,丁英,62,重庆,2025-09-04
2663,丛阳,36,深圳,2024-05-09
2664,那娟,22,重庆,2025-05-09
2665,鱼玉,49,上海,2025-06-27
2666,殳涛,61,上海,2024-08-05
2667,戎磊,18,重庆,2024-10-27
2668,荀鹏,40,武汉,2023-09-27
2669,章杰,54,武汉,2024-09-29
2670,童飞,25,北京,2023-05-18
2671,毕婷,30,成都,2023-06-15
2672,祁鹏,25,武汉,2023-05-08
2673,糜阳,40,成都,2024-11-04
2674,宣娟,60,成都,2025-07-17
2675,蒯鹏,18,上海,2025-05-04
2676,和伟,62,成都,2025-02-12
2677,茅梅,41,深圳,2024-01-23
2678,通琴,52,重庆,2023-03-15
2679,步英,41,北京,2023-05-17
2680,温娟,34,南京,2024-11-25
2681,田彬,22,杭州,2024-08-20
2682,樊海,37,北京,2023-01-15
2683,季阳,38,深圳,2025-05-24
2684,钮琳,57,北京,2023-12-18
2685,孔峰,48,成都,2024-07-08
2686,盛雪,63,上海,2023-05-08
2687,艾飞,53,杭州,2023-12-30
2688,闻雪,28,武汉,2024-07-10
2689,余杰,32,上海,2024-08-31
2690,纪强,36,成都,2023-09-02
2691,支浩,24,成都,2023-02-05
2692,季雪,45,杭州,2025-06-05
2693,毛华,60,杭州,2025-09-29
2694,支婷,22,广州,2024-05-07
2695,钮莲,22,西安,2023-10-22
2696,傅丽,47,西安,2023-08-24
2697,蒋晶,49,上海,2025-01-21
2698,台浩,25,武汉,2024-05-09
2699,柯伟,27,北京,2024-03-05
2700,相琴,55,成都,2023-05-19
2701,辛英,64,成都,2023-09-14
2702,钟海,49,广州,2023-03-20
2703,雍兰,65,上海,2024-11-24
2704,巩宁,45,上海,2025-02-14
2705,司勇,34,重庆,2023-04-30
2706,蔚鹏,48,杭州,2024-10-09
2707,蒋秀,25,武汉,2023-10-09
2708,计凤,57,杭州,2024-02-26
2709,郎敏,42,武汉,2024-01-14
2710,慕健,26,深圳,2025-07-18
2711,郁海,19,南京,2025-01-09
2712,苑玲,32,西安,2023-07-11
2713,卫刚,20,西安,2023-10-31
2714,仇平,53,武汉,2025-11-01
2715,羊阳,21,西安,2024-02-23
2716,支毅,31,杭州,2023-11-04
2717,阙洁,58,成都,2023-08-12
2718,毕凤,58,杭州,2024-05-13
2719,陆芳,42,武汉,2024-08-24
2720,盛凤,27,上海,2023-11-27
2721,胡莉,38,杭州,2024-04-25
2722,宰涛,53,西安,2025-10-12
2723,鞠花,29,广州,2024-08-11
2724,邴霞,44,重庆,2023-08-27
2725,傅花,57,成都,2024-03-04
2726,邴亮,19,西安,2023-09-09
2727,冀勇,30,广州,2025-10-17
2728,禹英,49,武汉,2025-12-29
2729,阴静,48,深圳,2024-02-11
2730,农静,33,广州,2023-04-15
2731,李琴,49,南京,2025-02-23
2732,危雪,49,深圳,2023-01-08
2733,扶燕,51,北京,2023-07-03
2734,却涛,28,成都,2024-09-26
2735,黄霞,27,西安,2024-07-25
2736,申敏,32,北京,2023-06-16
2737,蔡英,34,杭州,2024-01-17
2738,冉萍,57,武汉,2025-06-10
2739,沈勇,35,成都,2023-12-28
2740,麻琴,26,上海,2024-01-22
2741,庾丽,42,深圳,2023-01-06
2742,弘梅,57,上海,2025-06-01
2743,卜晶,31,北京,2023-11-14
2744,巩伟,42,广州,2024-05-24
2745,鲍英,39,广州,2024-04-02
2746,邹珍,47,武汉,2023-06-17
2747,韶莉,37,北京,2024-08-06
2748,席燕,38,重庆,2024-01-29
2749,鲍云,61,成都,2023-02-27
2750,巢林,49,深圳,2024-06-03
2751,席健,63,广州,2023-04-30
2752,魏斌,38,广州,2023-08-30
2753,武峰,52,上海,2025-09-28
2754,傅辉,49,上海,2024-08-27
2755,包琴,47,西安,2025-11-21
2756,杭鹏,56,杭州,2024-09-15
2757,徐平,29,重庆,2023-01-19
2758,尹龙,58,上海,2025-07-15
2759,鲁刚,64,上海,2023-07-18
2760,管艳,35,成都,2024-04-25
2761,隆红,38,西安,2023-03-12
2762,隆丽,30,上海,2024-04-27
2763,双艳,38,深圳,2024-12-04
2764,殷勇,25,成都,2024-12-14
2765,蒙凤,63,杭州,2025-02-21
2766,黎兰,57,北京,2025-06-06
2767,傅涛,63,成都,2023-12-08
2768,常亮,24,北京,2024-10-18
2769,和波,40,广州,2023-11-15
2770,祖军,61,西安,2024-06-10
2771,薛阳,49,杭州,2025-03-19
2772,贲燕,28,西安,2023-02-25
2773,诸亮,39,杭州,2025-09-25
2774,伊雪,39,西安,2025-09-07
2775,那芳,60,成都,2025-06-01
2776,荆明,42,西安,2025-02-06
2777,廉飞,39,南京,2024-10-08
2778,谈婷,45,杭州,2025-12-19
2779,狄磊,46,北京,2023-11-19
2780,车磊,30,杭州,2025-07-22
2781,陈琳,35,广州,2023-06-29
2782,蓬涛,19,深圳,2023-12-09
2783,方海,46,南京,2023-09-14
2784,文阳,38,武汉,2025-12-01
2785,酆敏,32,杭州,2023-01-05
2786,谢娜,44,上海,2024-05-17
2787,吴海,48,成都,2025-12-03
2788,唐健,32,成都,2025-07-26
2789,湛华,40,西安,2023-10-10
2790,邓磊,41,西安,2024-01-18
2791,罗珍,61,成都,2023-08-01
2792,贲雪,30,重庆,2025-08-08
2793,丛平,39,南京,2025-07-24
2794,桑军,60,南京,2025-05-12
2795,通平,54,北京,2024-10-10
2796,臧鹏,50,杭州,2023-03-22
2797,康宁,20,武汉,2024-01-24
2798,昌毅,36,成都,2023-06-08
2799,索凤,40,杭州,2025-03-24
2800,敖浩,46,南京,2023-03-07
2801,殳杰,47,广州,2025-04-11
2802,单梅,56,成都,2024-08-13
2803,贝波,61,杭州,2025-12-30
2804,任丽,64,南京,2025-08-22
2805,刘平,42,深圳,2025-05-29
2806,贺琳,54,南京,2025-02-13
2807,包莲,64,西安,2023-02-16
2808,沙磊,25,上海,2025-11-04
2809,莫丽,59,重庆,2023-06-30
2810,陆娟,33,重庆,2025-02-23
2811,柴娜,25,西安,2023-03-21
2812,宫刚,18,西安,2023-07-24
2813,芮莉,61,成都,2023-11-06
2814,宓林,22,深圳,2023-01-13
2815,喻娜,20,深圳,2025-03-05
2816,崔伟,18,成都,2024-03-01
2817,沃娜,21,杭州,2025-06-08
2818,凤娟,57,成都,2024-02-02
2819,乔军,52,武汉,2024-07-31
2820,殷洁,49,武汉,2025-05-21
2821,晁宁,59,重庆,2023-02-16
2822,齐峰,51,南京,2025-04-08
2823,邵玲,60,成都,2023-01-25
2824,别丽,42,成都,2024-02-14
2825,庞花,27,杭州,2024-03-11
2826,台琳,38,北京,2023-05-31
2827,饶琳,63,重庆,2023-09-12
2828,衡凤,56,重庆,2024-02-08
2829,叶英,44,重庆,2024-12-09
2830,赖婷,44,南京,2024-04-04
2831,刘丽,19,西安,2024-02-20
2832,史英,58,广州,2023-07-20
2833,蒲文,65,北京,2025-08-31
2834,雷军,30,南京,2025-10-27
2835,蒯亮,26,武汉,2024-09-25
2836,邹娜,53,杭州,2024-07-02
2837,沈超,39,西安,2025-09-04
2838,阎婷,59,武汉,2024-06-25
2839,田龙,43,西安,2024-09-18
2840,章玉,29,深圳,2023-02-15
2841,刘鹏,34,重庆,2023-04-23
2842,寇英,31,西安,2024-11-03
2843,索莲,31,上海,2025-02-26
2844,宗龙,51,重庆,2023-06-26
2845,朱娟,37,重庆,2024-07-17
2846,酆娟,28,杭州,2023-05-24
2847,万娟,33,北京,2024-02-22
2848,祖强,48,武汉,2023-02-26
2849,元娟,23,西安,2024-12-07
2850,辛阳,36,西安,2025-01-01
2851,蓬鹏,54,深圳,2025-11-29
2852,空英,21,重庆,2023-07-15
2853,谌健,64,成都,2025-04-07
2854,沃娜,21,广州,2025-12-08
2855,申英,37,成都,2024-02-21
2856,宰平,27,西安,2025-03-25
2857,金红,41,成都,2023-08-09
2858,怀秀,52,杭州,2025-09-27
2859,利琳,43,上海,2024-12-17
2860,盛敏,54,西安,2025-04-02
2861,韩勇,55,西安,2025-12-11
2862,石玉,38,上海,2025-05-17
2863,查龙,57,武汉,2024-02-09
2864,古洁,56,上海,2025-06-18
2865,韦凤,38,成都,2025-06-05
2866,杭凤,27,杭州,2025-10-15
2867,金明,55,深圳,2023-01-13
2868,熊珍,63,武汉,2025-02-06
2869,葛林,21,南京,2024-07-29
2870,樊斌,62,深圳,2023-07-26
2871,齐刚,37,北京,2023-01-23
2872,卢浩,34,北京,2025-03-14
2873,国珍,24,北京,2024-05-31
2874,蔺红,21,北京,2025-07-04
2875,褚珍,46,杭州,2023-03-10
2876,卫洁,31,深圳,2024-06-05
2877,桂兰,20,重庆,2024-11-09
2878,濮海,41,广州,2023-09-26
2879,薄飞,54,武汉,2024-04-11
2880,沃斌,33,南京,2025-03-18
2881,蒲雪,21,成都,2024-10-11
2882,习凤,41,西安,2025-01-20
2883,班阳,51,北京,2024-11-06
2884,庾亮,47,南京,2023-12-05
2885,闻鹏,35,西安,2024-03-20
2886,强鹏,36,广州,2024-07-04
2887,濮玉,48,南京,2024-02-21
2888,戴飞,36,深圳,2023-02-15
2889,通健,63,南京,2025-07-23
2890,干静,36,北京,2025-01-12
2891,却梅,39,广州,2024-06-21
2892,狄玉,41,成都,2024-06-17
2893,章云,62,重庆,2025-07-21
2894,夏娜,29,上海,2023-12-15
2895,党玲,47,北京,2023-09-01
2896,邴红,55,西安,2023-06-19
2897,向娜,48,广州,2023-12-22
2898,公彬,53,深圳,2024-12-10
2899,陈健,36,杭州,2024-10-24
2900,台华,65,广州,2024-01-12
2901,后红,62,西安,2023-04-01
2902,终晶,53,上海,2023-01-07
2903,雍平,47,上海,2024-04-27
2904,湛娟,50,武汉,2024-06-15
2905,毕勇,35,重庆,2023-11-05
2906,红莉,45,西安,2024-07-22
2907,郗兰,64,上海,2024-07-02
2908,戚林,28,武汉,2024-09-16
2909,汲艳,62,武汉,2023-03-03
2910,林辉,50,武汉,2023-03-29
2911,师超,34,广州,2025-11-28
2912,舒勇,23,武汉,2023-01-24
2913,萧明,21,北京,2023-03-13
2914,凌英,37,西安,2024-07-12
2915,冉梅,65,北京,2025-02-18
2916,都涛,64,杭州,2024-05-14
2917,于婷,44,上海,2023-11-07
2918,韩玉,32,重庆,2025-04-22
2919,颜文,23,武汉,2023-09-16
2920,吕玉,64,深圳,2024-09-22
2921,褚林,31,深圳,2023-12-09
2922,潘秀,28,上海,2025-12-01
2923,高彬,56,杭州,2024-10-25
2924,芮娜,26,深圳,2023-10-03
2925,国超,43,北京,2025-09-05
2926,乜明,33,南京,2024-06-17
2927,任平,22,广州,2025-04-19
2928,禄英,27,成都,2024-03-28
2929,彭志,20,深圳,2025-06-27
2930,史兰,30,重庆,2025-09-28
2931,燕玉,60,武汉,2023-02-03
2932,游毅,47,重庆,2024-03-07
2933,山勇,62,西安,2025-05-01
2934,花涛,23,广州,2025-08-29
2935,江梅,34,北京,2023-05-21
2936,蓝阳,62,杭州,2023-05-30
2937,双燕,36,广州,2023-02-27
2938,任莲,59,成都,2024-08-27
2939,山娜,52,南京,2025-03-25
2940,董娟,63,深圳,2023-08-04
2941,罗英,43,杭州,2023-11-12
2942,空艳,22,杭州,2023-04-30
2943,胡文,46,深圳,2024-03-23
2944,充亮,54,深圳,2024-09-10
2945,相飞,37,深圳,2025-08-26
2946,欧辉,38,深圳,2023-06-13
2947,姬霞,27,深圳,2024-08-16
2948,暨娟,22,杭州,2023-01-07
2949,隆刚,53,上海,2023-05-14
2950,纪洁,23,上海,2025-10-16
2951,周晶,43,重庆,2024-05-17
2952,蓝静,21,上海,2025-11-27
2953,盖鹏,56,成都,2023-09-19
2954,狄毅,56,上海,2025-02-01
2955,仰娟,52,杭州,2024-08-29
2956,苑玉,18,深圳,2023-03-05
2957,秦莉,41,武汉,2025-07-08
2958,苏英,53,武汉,2025-01-03
2959,蒯晶,23,成都,2024-05-10
2960,裘娟,58,西安,2023-07-16
2961,马飞,63,杭州,2025-10-12
2962,季峰,61,北京,2024-01-22
2963,富娟,48,广州,2023-05-29
2964,晁龙,37,重庆,2024-09-19
2965,严文,41,北京,2025-09-13
2966,宫伟,42,杭州,2023-10-07
2967,曲文,53,上海,2023-05-15
2968,樊珍,38,深圳,2023-10-25
2969,潘杰,47,北京,2023-06-12
2970,梁林,41,广州,2025-08-31
2971,别玉,61,西安,2024-09-21
2972,柯英,59,武汉,2023-03-09
2973,关辉,47,西安,2025-01-06
2974,伍玉,39,广州,2024-08-26
2975,梅磊,45,深圳,2023-08-24
2976,邴雪,24,上海,2024-10-12
2977,羊艳,52,广州,2025-08-26
2978,桂伟,45,重庆,2024-04-09
2979,卫毅,31,广州,2025-11-29
2980,范玲,27,杭州,2025-12-01
2981,麻强,33,上海,2024-07-31
2982,曲秀,33,深圳,2025-07-09
2983,季磊,48,武汉,2025-12-22
2984,崔健,59,武汉,2025-04-08
2985,酆飞,42,广州,2023-03-06
2986,郁琳,30,杭州,2025-05-08
2987,斜丽,23,北京,2024-10-09
2988,成涛,61,西安,2024-08-02
2989,贾花,26,西安,2024-12-07
2990,怀婷,62,西安,2023-05-28
2991,蓬志,53,北京,2024-09-16
2992,明花,60,杭州,2025-01-28
2993,利波,37,西安,2024-02-10
2994,顾玉,35,重庆,2023-12-13
2995,罗鹏,60,北京,2023-07-21
2996,麻志,38,北京,2024-10-22
2997,暴峰,21,深圳,2025-11-12
2998,扈静,50,深圳,2023-02-22
2999,吴婷,44,上海,2025-04-21
3000,管娜,24,重庆,2024-10-26
3001,米燕,23,重庆,2024-06-16
3002,山静,32,上海,2024-05-12
3003,鲁强,35,重庆,2023-03-17
3004,裘阳,49,成都,2023-02-04
3005,单伟,28,南京,2025-05-10
3006,阮霞,37,西安,2023-03-20
3007,於婷,41,深圳,2025-10-15
3008,冉健,32,上海,2023-07-27
3009,卜雪,65,上海,2024-05-04
3010,鄂晶,24,重庆,2025-12-24
3011,解婷,38,北京,2025-04-07
3012,范燕,59,武汉,2023-03-21
3013,能婷,43,广州,2025-09-08
3014,季斌,61,广州,2025-02-09
3015,施阳,31,上海,2023-06-17
3016,郭晶,54,西安,2024-08-31
3017,蓬娟,38,成都,2025-09-02
3018,麻云,35,西安,2025-02-25
3019,虞娟,22,上海,2024-05-21
3020,皮花,20,西安,2023-02-05
3021,印刚,40,深圳,2025-03-13
3022,国敏,43,西安,2025-09-27
3023,和强,54,重庆,2024-11-13
3024,宋强,41,重庆,2024-07-29
3025,詹雪,36,成都,2024-06-14
3026,辛梅,42,深圳,2025-02-23
3027,柳敏,38,武汉,2025-08-21
3028,伊燕,29,北京,2024-03-04
3029,宰娟,58,深圳,2023-02-17
3030,白林,50,杭州,2023-12-12
3031,毋军,21,南京,2024-08-26
3032,贲涛,59,上海,2025-11-06
3033,盛亮,24,杭州,2023-06-16
3034,齐珍,39,成都,2024-05-30
3035,广健,50,杭州,2024-04-04
3036,孙波,34,重庆,2024-12-19
3037,章龙,41,西安,2024-03-12
3038,台彬,51,北京,2023-05-07
3039,经鹏,45,广州,2024-03-14
3040,越超,60,上海,2023-12-01
3041,龚亮,58,广州,2023-04-20
3042,管伟,56,西安,2024-03-25
3043,苏艳,39,重庆,2023-07-29
3044,阚娟,34,重庆,2023-09-21
3045,易秀,51,西安,2023-01-16
3046,国斌,23,上海,2023-06-06
3047,施兰,63,广州,2025-12-11
3048,丰涛,23,深圳,2024-09-30
3049,孔兰,51,重庆,2024-11-07
3050,金刚,18,广州,2025-08-01
3051,瞿静,27,武汉,2025-10-22
3052,甄雪,38,广州,2024-05-19
3053,舒静,22,武汉,2023-04-19
3054,褚杰,19,武汉,2024-10-28
3055,荣霞,39,重庆,2023-03-16
3056,都军,65,上海,2024-12-17
3057,高玉,19,成都,2025-04-22
3058,全娟,27,重庆,2023-07-31
3059,隆峰,51,上海,2025-12-25
3060,禄亮,33,上海,2025-03-28
3061,崔阳,65,杭州,2024-03-11
3062,仇英,56,西安,2024-12-27
3063,路静,39,西安,2024-09-13
3064,盖玉,29,西安,2025-10-05
3065,崔波,41,南京,2024-12-08
3066,慎静,64,重庆,2025-05-21
3067,何娟,57,上海,2024-10-16
3068,利文,55,杭州,2023-08-25
3069,师毅,27,武汉,2023-12-22
3070,怀鹏,52,成都,2024-04-21
3071,景静,49,成都,2023-09-08
3072,幸婷,24,武汉,2023-12-01
3073,廉艳,38,广州,2025-10-05
3074,梁霞,37,广州,2024-04-30
3075,桑刚,43,西安,2025-09-05
3076,章平,21,重庆,2023-06-09
3077,方梅,63,南京,2023-05-19
3078,鲁娜,39,杭州,2023-09-05
3079,毋凤,32,成都,2023-07-26
3080,蓝龙,57,西安,2024-06-15
3081,鄂军,38,北京,2023-03-27
3082,查雪,32,西安,2025-03-06
3083,孟敏,39,北京,2025-11-01
3084,潘娟,45,深圳,2024-08-30
3085,訾兰,31,上海,2024-03-05
3086,冀琳,44,武汉,2025-07-30
3087,欧秀,58,上海,2025-09-25
3088,强晶,57,西安,2023-09-14
3089,黄杰,45,上海,2024-03-07
3090,云莉,43,杭州,2023-03-14
3091,殳波,19,深圳,2023-04-23
3092,双伟,42,南京,2025-09-01
3093,於伟,20,深圳,2023-01-20
3094,康娟,25,成都,2023-04-28
3095,聂莉,61,杭州,2025-02-05
3096,国霞,50,上海,2025-03-24
3097,艾燕,59,南京,2025-08-28
3098,殳玉,52,上海,2024-12-06
3099,蔡勇,23,重庆,2024-03-20
3100,贺涛,56,重庆,2023-11-09
3101,任飞,40,广州,2025-01-09
3102,和涛,42,深圳,2023-10-26
3103,韶文,60,南京,2024-06-17
3104,屈艳,36,重庆,2023-01-16
3105,古磊,22,广州,2025-05-20
3106,蔡婷,28,杭州,2024-08-13
3107,龙芳,29,南京,2025-05-03
3108,柳彬,27,广州,2024-04-29
3109,安英,25,武汉,2023-06-26
3110,束林,41,南京,2024-05-22
3111,暴涛,45,西安,2024-02-24
3112,邱敏,58,广州,2023-05-22
3113,裘军,53,上海,2023-10-21
3114,慎梅,54,西安,2025-10-03
3115,怀敏,38,武汉,2024-02-08
3116,蓟英,25,重庆,2025-12-24
3117,卓萍,26,北京,2025-10-09
3118,饶平,64,广州,2024-10-04
3119,陈珍,32,杭州,2023-01-25
3120,万辉,65,广州,2024-02-27
3121,都娟,63,北京,2023-04-05
3122,龙阳,57,武汉,2023-06-09
3123,容娟,35,武汉,2025-08-11
3124,敖芳,59,西安,2025-09-21
3125,时花,37,南京,2023-11-29
3126,萧凤,23,杭州,2024-12-31
3127,仰平,29,西安,2024-03-28
3128,计晶,19,杭州,2024-09-21
3129,瞿婷,24,杭州,2025-12-03
3130,邱梅,33,北京,2024-12-23
3131,殳玉,20,西安,2025-01-31
3132,束志,62,杭州,2023-03-08
3133,禹燕,20,成都,2025-06-07
3134,游华,44,北京,2025-07-07
3135,郜杰,60,武汉,2025-02-06
3136,湛志,57,北京,2024-08-30
3137,印海,55,上海,2024-08-18
3138,邴霞,50,上海,2024-06-11
3139,熊刚,45,杭州,2023-06-07
3140,孔峰,18,西安,2024-11-23
3141,季娜,25,武汉,2023-11-20
3142,于亮,54,北京,2025-03-31
3143,鄂海,49,西安,2025-07-26
3144,戚梅,65,北京,2023-01-20
3145,袁军,60,北京,2024-04-03
3146,宰阳,54,成都,2023-03-04
3147,席玉,21,上海,2024-03-19
3148,单龙,47,北京,2023-06-27
3149,堵娟,23,成都,2025-01-24
3150,邬飞,63,上海,2023-05-27
3151,曹玉,36,成都,2025-04-16
3152,戎军,49,西安,2023-08-20
3153,连亮,26,南京,2024-03-23
3154,宰平,29,上海,2023-04-18
3155,凤文,28,重庆,2024-12-29
3156,酆毅,63,南京,2024-07-30
3157,诸宁,33,西安,2024-08-22
3158,徐琳,18,北京,2024-07-22
3159,咸花,62,武汉,2023-01-08
3160,昌文,38,西安,2025-06-03
3161,左艳,47,成都,2025-12-15
3162,倪林,30,成都,2023-03-21
3163,汪梅,51,成都,2025-11-04
3164,刘明,21,成都,2025-01-05
3165,龙霞,45,西安,2025-03-22
3166,索磊,55,武汉,2024-06-04
3167,贾燕,48,广州,2025-08-06
3168,逯凤,44,成都,2023-04-09
3169,慎勇,22,广州,2024-01-26
3170,权玉,42,武汉,2023-02-13
3171,谈海,20,武汉,2024-08-18
3172,宓晶,50,南京,2024-11-07
3173,储莉,21,上海,2024-03-01
3174,屠芳,42,重庆,2023-12-23
3175,伊龙,37,杭州,2023-09-03
3176,吴磊,51,重庆,2024-07-21
3177,解洁,43,西安,2025-08-30
3178,皮敏,22,杭州,2024-08-19
3179,羊华,52,武汉,2025-07-09
3180,居彬,45,重庆,2024-04-05
3181,牛文,46,深圳,2023-01-14
3182,饶梅,26,上海,2025-12-19
3183,曲花,55,重庆,2025-12-11
3184,后晶,23,上海,2024-06-03
3185,丁亮,36,广州,2025-01-07
3186,郭飞,61,西安,2023-10-09
3187,家琴,28,上海,2023-02-22
3188,毛燕,19,广州,2024-08-03
3189,丁琳,64,成都,2024-03-31
3190,邵静,61,广州,2023-12-23
3191,尤洁,61,西安,2024-01-26
3192,养平,26,南京,2023-03-10
3193,党玲,38,成都,2023-10-25
3194,郎云,41,武汉,2025-03-07
3195,应伟,51,北京,2024-05-17
3196,韩萍,39,广州,2023-02-26
3197,田云,20,广州,2025-10-15
3198,俞亮,29,上海,2025-07-04
3199,钮琴,45,武汉,2023-09-29
3200,咸丽,47,重庆,2024-10-14
3201,孔浩,43,深圳,2023-02-05
3202,高浩,65,杭州,2023-10-30
3203,解海,38,广州,2024-07-15
3204,荆峰,45,重庆,2023-10-08
3205,夏娜,43,深圳,2025-04-20
3206,空飞,50,杭州,2024-05-03
3207,嵇军,38,北京,2023-11-02
3208,莫亮,52,上海,2024-07-30
3209,包丽,51,重庆,2025-08-24
3210,毕艳,58,上海,2025-02-11
3211,靳磊,64,杭州,2023-01-10
3212,姜娟,35,南京,2024-01-06
3213,岑玲,28,广州,2024-02-06
3214,仇峰,40,成都,2024-07-11
3215,利珍,65,深圳,2025-04-08
3216,冉莉,39,武汉,2023-08-25
3217,强琴,34,西安,2025-10-13
3218,山燕,22,广州,2023-09-06
3219,薄艳,61,成都,2024-09-15
3220,傅平,28,西安,2025-02-05
3221,廉燕,47,重庆,2024-02-02
3222,戎飞,32,西安,2023-11-20
3223,卓飞,44,北京,2025-03-19
3224,米英,52,广州,2023-10-13
3225,朱刚,50,上海,2023-01-28
3226,吉志,37,南京,2025-03-27
3227,储军,33,武汉,2025-07-20
3228,吉敏,51,上海,2025-05-29
3229,乔军,19,成都,2023-03-11
3230,钮凤,52,广州,2025-01-27
3231,田英,57,南京,2025-06-04
3232,韩勇,45,西安,2025-01-19
3233,尚敏,64,广州,2024-06-09
3234,樊玲,56,西安,2024-10-05
3235,孟芳,23,重庆,2023-07-02
3236,史静,26,北京,2025-06-13
3237,施英,37,杭州,2025-07-20
3238,濮珍,18,广州,2025-05-18
3239,甘玉,25,成都,2025-02-23
3240,嵇艳,40,西安,2024-06-08
3241,毋龙,20,上海,2024-10-20
3242,倪琳,21,重庆,2023-11-07
3243,暴婷,42,成都,2024-01-03
3244,鞠静,64,武汉,2024-01-20
3245,向洁,55,杭州,2025-03-27
3246,庞兰,32,重庆,2024-10-18
3247,党华,38,北京,2024-02-18
3248,伊琴,52,杭州,2023-05-25
3249,范飞,63,西安,2024-08-27
3250,蒋莲,31,成都,2023-01-27
3251,步文,53,武汉,2024-02-12
3252,冉涛,29,深圳,2024-01-02
3253,艾健,34,北京,2025-10-23
3254,乔龙,56,南京,2024-10-12
3255,叶军,26,西安,2023-08-01
3256,文伟,52,深圳,2023-11-16
3257,江明,30,广州,2025-04-14
3258,辛静,32,武汉,2023-11-17
3259,双洁,35,上海,2024-02-07
3260,尚阳,50,南京,2024-05-15
3261,卫梅,23,成都,2025-02-16
3262,顾芳,44,武汉,2023-02-27
3263,胥洁,40,杭州,2023-06-27
3264,闵军,44,重庆,2025-07-01
3265,昌鹏,51,杭州,2023-11-23
3266,殷辉,63,杭州,2023-05-20
3267,刘勇,55,广州,2025-05-03
3268,胡娜,31,北京,2025-10-23
3269,齐志,53,上海,2025-08-23
3270,卢伟,25,南京,2025-10-29
3271,饶鹏,52,北京,2024-08-29
3272,翁斌,36,武汉,2025-10-28
3273,滕娟,47,杭州,2023-02-06
3274,管洁,31,广州,2025-08-15
3275,鲍涛,37,武汉,2024-08-28
3276,舒阳,42,重庆,2023-11-13
3277,籍丽,57,上海,2025-02-16
3278,路斌,41,南京,2025-07-23
3279,符静,31,重庆,2023-09-24
3280,郜波,43,广州,2023-04-28
3281,廖毅,55,上海,2023-04-18
3282,陈莲,40,武汉,2025-03-24
3283,冀明,39,杭州,2023-05-11
3284,公鹏,65,杭州,2023-07-25
3285,却娟,36,西安,2024-10-28
3286,潘海,63,杭州,2025-11-25
3287,滕莲,20,深圳,2024-03-07
3288,齐刚,59,杭州,2025-03-01
3289,山敏,36,深圳,2023-01-27
3290,赵艳,26,成都,2025-03-02
3291,鱼琴,45,深圳,2024-01-21
3292,卞强,37,上海,2025-02-09
3293,韶秀,62,重庆,2024-01-17
3294,杜凤,24,上海,2025-12-19
3295,戈健,31,重庆,2024-08-17
3296,赖敏,26,西安,2024-05-24
3297,时鹏,36,成都,2025-05-16
3298,范燕,64,重庆,2025-01-22
3299,史宁,31,重庆,2025-12-22
3300,扶娟,55,广州,2024-07-04
3301,全志,53,北京,2024-10-30
3302,索娟,57,北京,2023-07-24
3303,夔琴,34,广州,2024-08-07
3304,季红,47,杭州,2025-09-25
3305,祝兰,26,广州,2024-01-15
3306,狄秀,50,重庆,2025-07-15
3307,经毅,42,重庆,2025-05-04
3308,聂文,31,广州,2024-06-12
3309,钱芳,28,广州,2024-10-21
3310,周波,52,杭州,2023-11-28
3311,扶琳,58,上海,2024-02-29
3312,羊海,31,成都,2025-04-24
3313,耿刚,47,武汉,2024-09-27
3314,杨娜,58,重庆,2023-10-20
3315,唐艳,21,成都,2023-02-02
3316,程洁,21,广州,2025-09-24
3317,元军,45,杭州,2024-10-27
3318,武晶,25,深圳,2025-06-27
3319,萧芳,19,杭州,2023-02-14
3320,伏龙,58,南京,2023-02-23
3321,郭玲,63,南京,2023-03-25
3322,彭玉,39,成都,2024-06-23
3323,曾明,58,北京,2024-01-25
3324,白敏,33,南京,2024-05-15
3325,郭娟,46,南京,2025-07-01
3326,訾伟,65,上海,2025-10-08
3327,姚丽,47,深圳,2024-09-29
3328,颜雪,29,上海,2025-06-24
3329,姬华,52,深圳,2024-04-09
3330,相磊,28,西安,2025-07-30
3331,尚宁,63,武汉,2023-03-27
3332,谢辉,38,重庆,2025-09-19
3333,桑彬,38,南京,2024-02-09
3334,乔玲,22,重庆,2025-05-28
3335,蔚飞,65,南京,2025-08-18
3336,蔚娜,37,上海,2025-02-03
3337,冉芳,54,武汉,2023-06-05
3338,侯林,20,上海,2023-01-24
3339,管莉,61,上海,2023-09-26
3340,芮丽,50,深圳,2024-07-11
3341,越英,26,北京,2024-11-30
3342,诸彬,26,杭州,2025-05-16
3343,沙强,21,成都,2023-08-26
3344,颜莲,52,重庆,2023-03-13
3345,栾芳,34,西安,2024-09-24
3346,荀斌,51,南京,2025-07-07
3347,苏宁,41,上海,2024-09-23
3348,戴静,49,北京,2023-05-25
3349,梁杰,18,上海,2025-04-01
3350,经静,25,武汉,2025-08-26
3351,古伟,62,深圳,2025-05-02
3352,司玉,40,西安,2024-01-03
3353,蒋艳,64,杭州,2024-05-07
3354,杜军,57,武汉,2025-01-17
3355,龙斌,29,广州,2024-10-09
3356,华云,29,西安,2023-03-29
3357,纪龙,63,上海,2025-08-03
3358,柴琳,64,武汉,2023-04-07
3359,鲁珍,32,杭州,2025-12-24
3360,唐强,58,北京,2023-12-16
3361,秦兰,36,北京,2023-04-15
3362,晁海,43,重庆,2023-02-10
3363,廉毅,46,杭州,2024-05-10
3364,伊鹏,39,北京,2024-11-04
3365,连静,57,武汉,2024-04-20
3366,苗刚,38,重庆,2024-08-02
3367,严莉,55,北京,2024-02-02
3368,滑丽,37,西安,2024-03-26
3369,艾萍,46,深圳,2024-10-30
3370,晏浩,21,广州,2024-06-25
3371,裴玉,24,杭州,2023-09-27
3372,宓斌,45,武汉,2025-05-08
3373,满浩,45,南京,2025-04-28
3374,屠珍,21,上海,2024-02-07
3375,萧军,39,武汉,2025-03-07
3376,郑健,29,北京,2024-05-18
3377,尹文,62,武汉,2025-11-27
3378,籍凤,20,南京,2025-08-21
3379,富花,39,上海,2025-01-21
3380,鱼雪,61,重庆,2024-09-17
3381,项海,19,北京,2023-04-17
3382,施勇,41,成都,2024-12-17
3383,霍云,51,北京,2023-11-08
3384,满霞,44,广州,2023-12-03
3385,扈勇,58,成都,2023-06-30
3386,詹秀,18,广州,2023-07-19
3387,宗凤,25,南京,2025-12-12
3388,周强,40,杭州,2024-09-28
3389,纪波,55,上海,2025-12-04
3390,丁涛,23,深圳,2025-06-03
3391,暨海,39,重庆,2024-05-12
3392,喻玲,42,深圳,2024-02-09
3393,阙燕,35,西安,2023-01-20
3394,聂秀,34,西安,2025-11-09
3395,聂莉,29,南京,2024-07-06
3396,通秀,23,杭州,2023-03-31
3397,夏兰,43,西安,2025-07-03
3398,傅浩,44,北京,2023-05-11
3399,吕萍,25,武汉,2023-03-31
3400,钱飞,36,广州,2023-04-16
3401,宋秀,59,西安,2023-02-26
3402,贝阳,18,南京,2025-09-21
3403,关玉,46,广州,2025-03-22
3404,相玲,62,北京,2023-05-22
3405,甄亮,52,杭州,2024-10-08
3406,李芳,57,上海,2025-05-15
3407,水芳,31,深圳,2025-01-13
3408,扶勇,52,北京,2023-12-08
3409,钟玲,65,重庆,2024-12-24
3410,戈敏,62,成都,2025-08-19
3411,杨涛,37,南京,2024-11-28
3412,盛明,30,深圳,2024-06-13
3413,麻斌,55,重庆,2025-08-27
3414,申杰,63,上海,2025-10-08
3415,姚杰,25,重庆,2025-01-12
3416,麻伟,60,杭州,2024-02-26
3417,利超,37,成都,2024-06-22
3418,匡斌,50,广州,2025-06-22
3419,狄娟,43,深圳,2023-06-30
3420,舒玉,56,成都,2024-09-13
3421,钮平,38,武汉,2023-05-16
3422,向娟,59,北京,2023-10-18
3423,简军,60,武汉,2025-08-30
3424,殷海,58,北京,2024-02-23
3425,穆刚,26,杭州,2025-09-23
3426,嵇兰,41,成都,2023-11-19
3427,晏琴,54,上海,2023-01-11
3428,祝龙,58,西安,2023-01-01
3429,宦林,34,重庆,2025-05-26
3430,闻玉,41,西安,2025-02-21
3431,郝萍,38,成都,2023-04-27
3432,华莉,56,武汉,2024-04-19
3433,费玲,58,西安,2025-08-20
3434,鞠海,56,南京,2023-09-13
3435,詹杰,30,西安,2025-02-23
3436,籍琳,28,北京,2023-02-10
3437,步英,63,南京,2023-04-03
3438,蒙雪,36,深圳,2025-10-26
3439,昝云,28,西安,2024-08-26
3440,晁燕,30,南京,2025-09-01
3441,怀红,63,成都,2023-05-20
3442,边琴,62,重庆,2024-04-07
3443,扈涛,18,深圳,2025-01-09
3444,计浩,57,上海,2023-04-24
3445,熊玲,61,上海,2023-03-27
3446,樊娟,36,杭州,2025-10-24
3447,嵇毅,29,西安,2024-04-05
3448,龚莲,25,重庆,2024-07-19
3449,葛龙,25,广州,2023-05-20
3450,葛娟,62,南京,2023-03-05
3451,蒙萍,29,深圳,2025-08-08
3452,扈浩,65,成都,2023-11-28
3453,卓梅,50,西安,2024-06-26
3454,暴梅,62,成都,2024-07-12
3455,储玉,43,广州,2024-05-31
3456,蒲红,56,杭州,2023-12-23
3457,滑杰,45,广州,2023-12-12
3458,伊辉,22,北京,2024-09-06
3459,步峰,25,武汉,2023-09-25
3460,潘艳,42,深圳,2025-11-16
3461,丛海,44,武汉,2025-10-22
3462,童军,63,广州,2023-09-07
3463,酆峰,40,杭州,2024-08-25
3464,许斌,47,杭州,2023-06-03
3465,姚红,62,上海,2025-10-11
3466,蔡玲,64,西安,2023-01-03
3467,辛林,40,上海,2023-11-11
3468,权芳,64,深圳,2024-05-06
3469,夏艳,37,深圳,2024-05-20
3470,宣洁,35,深圳,2025-07-22
3471,通阳,35,成都,2025-01-13
3472,弘林,19,上海,2025-01-16
3473,惠明,21,成都,2024-02-02
3474,乜阳,47,武汉,2025-01-03
3475,庞花,50,西安,2024-06-28
3476,武玉,53,广州,2025-01-27
3477,葛莉,35,南京,2023-10-26
3478,和琳,54,上海,2023-05-04
3479,敖玲,36,南京,2024-09-27
3480,仰莉,64,杭州,2024-06-23
3481,堵峰,45,上海,2025-12-12
3482,汤鹏,57,武汉,2024-03-09
3483,蒯阳,37,上海,2023-01-28
3484,文兰,50,成都,2023-05-15
3485,戴梅,29,西安,2023-07-29
3486,师琳,32,广州,2023-12-04
3487,厍兰,58,重庆,2023-07-07
3488,冀健,56,广州,2024-08-29
3489,朱勇,19,广州,2025-11-07
3490,房洁,46,杭州,2023-07-26
3491,祁静,58,武汉,2025-05-02
3492,双玲,27,南京,2024-07-23
3493,叶斌,19,武汉,2025-08-16
3494,桑琴,28,重庆,2024-08-23
3495,田杰,30,杭州,2024-09-19
3496,凤强,27,西安,2025-03-07
3497,巩芳,31,广州,2024-12-24
3498,黄磊,35,成都,2025-08-31
3499,陆玲,26,杭州,2023-09-20
3500,庞娜,56,深圳,2025-12-09
3501,阴浩,45,上海,2024-04-05
3502,魏云,20,武汉,2024-04-20
3503,吴斌,37,杭州,2023-09-30
3504,靳雪,23,深圳,2024-04-24
3505,俞刚,44,南京,2023-09-07
3506,松花,19,重庆,2025-07-20
3507,喻娟,46,重庆,2025-12-08
3508,毛林,55,广州,2024-05-11
3509,毛梅,20,广州,2023-06-11
3510,那雪,33,杭州,2023-08-15
3511,阎珍,47,杭州,2023-12-08
3512,汪红,57,西安,2025-06-30
3513,汪勇,19,上海,2025-07-06
3514,仇亮,34,北京,2023-08-28
3515,甄平,58,南京,2025-06-02
3516,经娟,29,广州,2025-04-16
3517,武宁,52,北京,2024-10-26
3518,彭琴,60,北京,2025-05-08
3519,厉燕,18,上海,2025-02-14
3520,简洁,62,成都,2023-09-23
3521,茹波,32,成都,2024-07-31
3522,梁彬,43,广州,2024-08-25
3523,艾娟,54,深圳,2023-04-06
3524,裴飞,38,上海,2025-02-17
3525,桑超,48,上海,2024-08-23
3526,敖明,42,武汉,2025-04-06
3527,乐娟,40,北京,2024-04-30
3528,易娜,41,武汉,2023-06-11
3529,邹毅,55,北京,2023-01-09
3530,白琳,45,成都,2025-12-14
3531,申峰,38,广州,2025-05-02
3532,章平,60,南京,2025-03-20
3533,苑梅,35,成都,2025-11-22
3534,暴辉,53,上海,2024-12-30
3535,禹浩,52,南京,2024-09-30
3536,沈文,62,杭州,2025-12-18
3537,晁洁,26,南京,2025-12-18
3538,宗莉,55,南京,2025-10-15
3539,尹敏,47,成都,2023-01-08
3540,吴丽,61,上海,2024-06-23
3541,那斌,51,南京,2024-09-28
3542,欧英,49,成都,2023-11-19
3543,武磊,20,成都,2023-01-09
3544,劳飞,20,南京,2024-06-19
3545,仰阳,45,北京,2023-03-16
3546,颜杰,61,上海,2025-07-04
3547,陈杰,32,重庆,2025-07-06
3548,邱刚,58,南京,2024-05-29
3549,查雪,40,武汉,2024-02-05
3550,章华,57,武汉,2023-08-28
3551,危浩,28,杭州,2023-09-06
3552,洪涛,65,上海,2024-07-05
3553,饶彬,49,成都,2025-03-30
3554,沃浩,53,西安,2023-03-01
3555,勾亮,50,广州,2023-07-19
3556,庾超,41,深圳,2023-01-12
3557,厍娟,56,西安,2023-10-02
3558,严强,51,上海,2024-09-01
3559,嵇毅,45,上海,2025-05-11
3560,梁晶,54,南京,2025-02-16
3561,舒磊,24,南京,2025-06-30
3562,冯芳,21,西安,2023-04-07
3563,王艳,54,成都,2023-05-11
3564,萧明,18,杭州,2023-06-09
3565,韦宁,18,南京,2023-07-30
3566,卞波,64,深圳,2024-09-21
3567,卓亮,37,深圳,2023-05-19
3568,莫莲,36,杭州,2024-11-26
3569,古志,46,北京,2023-02-18
3570,禹梅,27,北京,2024-11-24
3571,鲍涛,35,上海,2024-05-28
3572,花兰,45,南京,2023-03-13
3573,伍超,52,武汉,2024-08-18
3574,弘芳,60,西安,2025-10-14
3575,翁浩,64,重庆,2024-07-10
3576,计华,48,杭州,2025-12-23
3577,颜敏,44,上海,2025-10-08
3578,邹波,28,武汉,2024-08-16
3579,蔡丽,55,南京,2023-02-02
3580,简辉,22,武汉,2025-02-12
3581,鲁琴,25,武汉,2025-03-28
3582,勾娜,51,杭州,2024-01-09
3583,晁斌,65,上海,2025-07-06
3584,余莉,29,成都,2024-06-17
3585,阙静,55,深圳,2023-09-20
3586,缪志,18,西安,2024-04-06
3587,燕洁,48,上海,2024-09-29
3588,赖平,21,重庆,2024-03-08
3589,冀明,62,武汉,2023-06-05
3590,褚鹏,22,成都,2025-01-23
3591,纪琳,47,杭州,2024-07-07
3592,项强,41,广州,2025-01-08
3593,倪英,20,西安,2023-10-10
3594,骆勇,28,西安,2023-07-20
3595,程文,62,深圳,2025-11-03
3596,许毅,21,广州,2025-10-02
3597,养花,43,南京,2024-07-24
3598,经辉,44,广州,2025-11-02
3599,支平,63,武汉,2023-02-23
3600,邴琳,60,武汉,2024-07-21
3601,蒋林,44,武汉,2025-05-06
3602,巢兰,59,武汉,2024-08-28
3603,项刚,23,上海,2023-09-10
3604,华海,32,西安,2025-03-26
3605,师志,47,广州,2024-02-07
3606,滑雪,59,西安,2023-06-24
3607,伊磊,54,重庆,2025-11-17
3608,印涛,54,广州,2025-07-03
3609,严涛,59,上海,2024-05-02
3610,费杰,54,重庆,2025-09-11
3611,温明,52,西安,2024-01-04
3612,咸波,40,重庆,2024-07-22
3613,养霞,23,深圳,2023-03-18
3614,皮明,21,重庆,2023-05-12
3615,车志,35,广州,2023-11-27
3616,梁霞,26,武汉,2024-09-09
3617,寿琴,46,武汉,2025-12-22
3618,汪莉,30,南京,2025-03-29
3619,韶峰,64,西安,2024-08-26
3620,惠雪,34,深圳,2024-05-04
3621,束梅,62,广州,2023-03-07
3622,索琳,49,广州,2025-03-01
3623,常芳,65,杭州,2024-05-09
3624,公梅,39,北京,2023-09-23
3625,潘秀,21,西安,2023-10-12
3626,莘刚,22,广州,2023-10-24
3627,鞠辉,54,成都,2023-08-11
3628,邢霞,58,广州,2023-11-30
3629,斜洁,30,杭州,2025-10-08
3630,宰静,51,重庆,2024-06-13
3631,裘飞,62,上海,2024-06-04
3632,詹勇,39,上海,2025-01-29
3633,穆伟,40,成都,2024-03-19
3634,丛英,20,成都,2023-09-27
3635,封洁,59,南京,2024-02-12
3636,后洁,51,上海,2025-09-17
3637,薄琴,49,重庆,2025-02-10
3638,尚波,62,上海,2024-11-13
3639,许超,38,北京,2025-07-20
3640,雍涛,63,西安,2023-01-10
3641,公红,61,上海,2025-07-17
3642,竺云,38,武汉,2023-05-27
3643,那琴,61,南京,2025-07-26
3644,巩燕,28,杭州,2023-10-24
3645,魏晶,56,成都,2025-02-28
3646,车明,21,北京,2025-11-25
3647,幸毅,18,成都,2024-06-25
3648,诸飞,45,南京,2023-07-25
3649,禄辉,41,广州,2023-09-22
3650,阎娜,52,北京,2023-12-31
3651,毕萍,30,深圳,2025-08-07
3652,瞿伟,64,北京,2025-08-26
3653,柳文,51,南京,2023-01-05
3654,简洁,28,杭州,2023-10-14
3655,辛平,53,北京,2023-03-08
3656,和雪,34,南京,2025-04-04
3657,侯燕,52,重庆,2025-01-04
3658,蔡珍,35,西安,2025-05-28
3659,胡琳,57,上海,2025-05-30
3660,鞠军,39,重庆,2024-10-13
3661,庾艳,41,南京,2024-04-04
3662,殷花,36,武汉,2024-05-19
3663,狄燕,54,广州,2025-04-24
3664,胡杰,56,上海,2024-04-21
3665,印军,38,武汉,2024-03-17
3666,喻云,25,杭州,2023-03-12
3667,糜花,45,成都,2023-06-27
3668,蓬杰,22,深圳,2025-02-17
3669,龚飞,34,上海,2024-12-19
3670,雷阳,54,重庆,2023-03-04
3671,孟浩,53,广州,2024-09-03
3672,却杰,36,武汉,2024-06-04
3673,湛宁,44,南京,2024-08-26
3674,孟辉,51,上海,2025-08-10
3675,储琴,28,成都,2023-04-18
3676,向林,62,南京,2024-07-07
3677,庾磊,64,武汉,2023-06-15
3678,邱超,29,广州,2025-05-02
3679,唐静,38,北京,2024-10-02
3680,宗健,28,成都,2025-11-06
3681,熊英,56,南京,2024-09-19
3682,殳伟,45,成都,2024-05-30
3683,姜琳,22,杭州,2023-04-28
3684,李军,34,南京,2025-03-22
3685,米超,37,上海,2023-11-07
3686,瞿晶,58,北京,2024-11-22
3687,黎琳,63,北京,2025-10-24
3688,干兰,29,深圳,2024-04-02
3689,吉兰,23,成都,2023-01-13
3690,舒娜,34,重庆,2025-10-11
3691,甄秀,36,北京,2025-09-16
3692,魏莉,43,北京,2024-02-12
3693,房伟,65,杭州,2024-11-02
3694,厉花,61,西安,2023-02-27
3695,汤志,61,杭州,2024-01-27
3696,史燕,49,杭州,2025-12-27
3697,竺峰,23,西安,2023-08-16
3698,甘云,53,成都,2023-02-12
3699,汲伟,55,南京,2023-04-02
3700,终芳,28,广州,2025-07-26
3701,廖莉,50,重庆,2024-10-05
3702,张娜,41,北京,2024-04-16
3703,宫志,40,深圳,2024-10-06
3704,黎花,32,重庆,2024-07-04
3705,茹峰,44,南京,2025-03-06
3706,宓娜,28,西安,2024-05-26
3707,融宁,34,重庆,2023-07-26
3708,陆秀,31,北京,2025-12-07
3709,尹林,44,重庆,2025-11-17
3710,池勇,35,广州,2025-09-28
3711,蒲鹏,45,西安,2023-02-15
3712,殳雪,64,重庆,2023-06-09
3713,仇阳,64,北京,2024-11-30
3714,广明,21,北京,2024-06-10
3715,米龙,24,重庆,2023-12-12
3716,文军,62,成都,2025-11-28
3717,郗杰,52,深圳,2023-12-17
3718,莫琳,65,武汉,2024-05-22
3719,郭宁,26,杭州,2024-05-29
3720,闵娟,25,西安,2025-10-30
3721,欧华,62,武汉,2023-06-01
3722,贺静,34,南京,2024-02-13
3723,聂莉,34,南京,2024-08-22
3724,成文,50,北京,2025-05-11
3725,宗晶,49,南京,2023-06-01
3726,曾琴,25,成都,2025-01-07
3727,居玉,36,深圳,2023-10-25
3728,庞辉,55,南京,2025-06-03
3729,柳静,20,广州,2025-04-19
3730,任斌,22,深圳,2025-01-04
3731,查宁,30,成都,2025-03-05
3732,柳婷,64,武汉,2025-10-03
3733,虞珍,63,深圳,2023-09-23
3734,蒯鹏,48,深圳,2023-08-19
3735,姜林,33,武汉,2025-03-12
3736,荣兰,49,成都,2023-12-05
3737,左平,39,南京,2023-05-21
3738,广军,46,北京,2025-09-26
3739,於刚,39,西安,2023-05-29
3740,祖婷,60,武汉,2025-12-23
3741,骆阳,20,武汉,2023-02-21
3742,越婷,27,武汉,2025-10-21
3743,柴婷,59,武汉,2025-07-16
3744,红志,38,西安,2024-05-25
3745,柯云,33,西安,2025-09-20
3746,巩辉,29,南京,2023-01-11
3747,辛琴,19,重庆,2023-10-25
3748,明霞,58,重庆,2025-08-13
3749,訾敏,41,上海,2025-02-19
3750,裘亮,52,武汉,2025-02-22
3751,空林,47,武汉,2024-07-29
3752,巢飞,47,深圳,2023-11-02
3753,关毅,64,重庆,2025-06-30
3754,卜花,52,南京,2024-12-01
3755,荀艳,36,北京,2023-01-27
3756,文伟,25,上海,2024-10-27
3757,劳兰,43,上海,2023-02-16
3758,山凤,57,南京,2023-12-22
3759,盖洁,24,北京,2025-06-01
3760,柏霞,47,深圳,2025-03-29
3761,勾飞,24,西安,2025-05-31
3762,劳丽,20,杭州,2024-05-05
3763,薛琳,18,重庆,2024-08-21
3764,边林,53,武汉,2023-06-28
3765,那娟,42,南京,2024-08-21
3766,匡健,54,重庆,2024-08-15
3767,倪燕,18,武汉,2024-02-21
3768,郜娟,32,杭州,2024-05-18
3769,罗涛,54,杭州,2023-01-12
3770,游宁,30,西安,2024-03-08
3771,满峰,57,成都,2024-02-27
3772,养华,25,杭州,2023-07-29
3773,毕梅,22,重庆,2023-10-10
3774,蔚毅,26,广州,2024-02-10
3775,金峰,18,广州,2024-03-24
3776,龙强,53,武汉,2023-11-19
3777,酆珍,52,武汉,2025-10-25
3778,郗文,19,成都,2025-01-04
3779,沙萍,57,广州,2024-07-11
3780,秦明,40,武汉,2025-01-30
3781,惠霞,26,杭州,2025-01-28
3782,巩文,51,武汉,2023-04-29
3783,荆琳,63,上海,2023-04-18
3784,聂龙,31,成都,2023-06-27
3785,符红,21,南京,2025-08-05
3786,戈凤,47,北京,2023-10-21
3787,吴军,48,深圳,2025-12-10
3788,潘阳,55,北京,2023-08-21
3789,居伟,28,北京,2024-06-10
3790,冀红,52,西安,2024-12-06
3791,晁海,25,南京,2023-07-19
3792,温超,20,武汉,2025-01-23
3793,郜霞,31,西安,2024-02-04
3794,桂军,30,北京,2023-08-20
3795,卢飞,62,上海,2025-02-23
3796,莘超,49,深圳,2024-04-04
3797,融超,51,北京,2024-04-29
3798,扶静,62,广州,2023-05-08
3799,蒙龙,36,南京,2025-11-18
3800,权华,55,南京,2023-07-31
3801,酆林,33,南京,2023-01-13
3802,晏伟,19,成都,2025-04-21
3803,扶玉,57,成都,2023-02-10
3804,虞强,34,杭州,2024-05-05
3805,廉文,51,重庆,2025-07-11
3806,时刚,59,深圳,2025-04-20
3807,闵磊,33,西安,2024-06-05
3808,唐凤,55,武汉,2023-01-30
3809,谭波,19,北京,2023-12-29
3810,国明,19,重庆,2024-12-02
3811,夏平,43,武汉,2024-02-15
3812,邱婷,30,西安,2023-05-06
3813,寿燕,64,重庆,2023-09-14
3814,虞秀,48,武汉,2023-08-01
3815,莘飞,51,上海,2025-06-16
3816,昌明,56,成都,2023-06-12
3817,尤勇,20,西安,2024-05-03
3818,夏勇,25,深圳,2025-02-05
3819,瞿健,40,广州,2024-01-24
3820,洪婷,31,上海,2024-05-12
3821,须静,44,成都,2025-02-09
3822,逄红,46,南京,2023-04-13
3823,滑超,56,成都,2025-11-26
3824,厉辉,56,重庆,2025-07-22
3825,利燕,18,杭州,2024-08-14
3826,殷磊,34,上海,2023-02-19
3827,慎琴,58,南京,2023-06-16
3828,勾飞,47,重庆,2024-10-13
3829,钮波,30,西安,2025-09-22
3830,安玉,38,深圳,2024-09-21
3831,郗芳,36,成都,2023-03-28
3832,阎磊,36,西安,2025-02-11
3833,娄刚,42,南京,2024-11-14
3834,俞静,39,重庆,2023-07-11
3835,经峰,48,杭州,2024-07-10
3836,裘婷,34,成都,2024-05-29
3837,戴芳,40,深圳,2024-08-14
3838,昌萍,49,杭州,2025-07-30
3839,嵇海,27,武汉,2023-12-20
3840,唐平,27,重庆,2024-02-18
3841,鞠珍,53,西安,2024-07-19
3842,薄平,25,成都,2024-10-02
3843,贲莲,37,成都,2023-08-12
3844,娄彬,49,南京,2023-06-29
3845,孔斌,31,深圳,2025-04-21
3846,竺雪,45,广州,2023-01-01
3847,丁英,63,武汉,2023-01-25
3848,温辉,41,杭州,2023-05-08
3849,周华,32,上海,2025-02-06
3850,费超,39,上海,2024-09-23
3851,却敏,47,成都,2024-03-12
3852,养燕,21,南京,2025-07-25
3853,梁燕,30,北京,2024-04-26
3854,戎浩,40,成都,2023-01-23
3855,单云,25,上海,2025-10-22
3856,林梅,35,上海,2023-08-01
3857,池鹏,29,武汉,2024-06-07
3858,庾鹏,48,西安,2025-10-16
3859,芮莉,31,北京,2025-12-10
3860,彭磊,51,成都,2025-02-17
3861,须磊,35,武汉,2025-07-09
3862,皮磊,51,南京,2025-01-26
3863,后莲,28,武汉,2024-06-04
3864,白波,58,成都,2025-05-19
3865,利阳,29,重庆,2024-03-04
3866,蒲超,32,广州,2025-10-15
3867,王毅,48,成都,2023-05-31
3868,荆飞,46,深圳,2025-02-12
3869,车萍,43,上海,2023-12-14
3870,相志,35,北京,2025-11-08
3871,栾华,49,北京,2024-10-21
3872,谌杰,39,西安,2024-11-06
3873,窦艳,55,广州,2024-11-17
3874,雷敏,34,深圳,2023-05-11
3875,山洁,40,上海,2024-02-12
3876,康丽,41,北京,2025-05-29
3877,解亮,25,深圳,2024-12-20
3878,党鹏,58,武汉,2023-01-11
3879,夏霞,23,西安,2025-01-09
3880,强伟,22,成都,2023-08-20
3881,蒯玲,61,成都,2023-05-15
3882,樊毅,46,重庆,2023-01-31
3883,符敏,45,上海,2023-12-01
3884,杭志,28,深圳,2023-01-28
3885,祖霞,18,杭州,2024-03-12
3886,单伟,60,北京,2025-07-02
3887,邓超,36,南京,2024-03-06
3888,单军,26,南京,2025-08-07
3889,蓬玲,44,成都,2023-05-13
3890,葛波,51,杭州,2024-10-17
3891,唐芳,61,南京,2025-08-16
3892,常萍,21,广州,2024-06-30
3893,詹凤,53,广州,2024-12-06
3894,夏梅,35,上海,2023-03-08
3895,孟丽,32,杭州,2025-03-25
3896,仰雪,30,广州,2024-07-25
3897,汤花,36,广州,2024-11-11
3898,郗峰,23,成都,2025-11-18
3899,那军,65,南京,2025-12-03
3900,穆敏,29,上海,2024-03-10
3901,雷梅,54,深圳,2025-12-23
3902,后娟,34,武汉,2025-11-18
3903,朱华,40,北京,2024-12-13
3904,邵娜,43,北京,2024-01-09
3905,贾波,46,西安,2024-06-21
3906,薄玉,50,武汉,2024-01-16
3907,夔斌,44,武汉,2024-05-30
3908,竺云,42,北京,2024-10-10
3909,养婷,27,北京,2023-11-01
3910,俞海,64,深圳,2025-11-30
3911,褚勇,40,杭州,2025-06-07
3912,丁龙,38,杭州,2025-02-12
3913,隆强,38,深圳,2023-10-05
3914,蔚梅,60,南京,2023-09-22
3915,庄波,30,武汉,2025-04-08
3916,司霞,54,重庆,2025-07-23
3917,黎龙,50,武汉,2024-04-03
3918,宓志,41,西安,2023-04-30
3919,安明,61,北京,2023-01-31
3920,郭林,28,武汉,2025-06-22
3921,麻华,34,北京,2024-08-29
3922,宓阳,21,武汉,2023-02-10
3923,辛飞,64,西安,2024-02-01
3924,须涛,42,南京,2025-09-27
3925,农明,47,重庆,2025-07-28
3926,鲍超,26,广州,2025-11-19
3927,许玲,38,深圳,2025-01-11
3928,罗芳,37,深圳,2024-03-10
3929,宦磊,36,重庆,2024-10-15
3930,严梅,36,武汉,2023-12-08
3931,阴燕,29,广州,2025-06-21
3932,廖明,54,西安,2025-04-06
3933,干英,59,杭州,2023-04-27
3934,姜琴,34,武汉,2024-06-25
3935,严丽,54,南京,2024-09-20
3936,路红,65,北京,2023-04-17
3937,邓萍,56,上海,2025-11-19
3938,柯杰,45,武汉,2023-01-29
3939,何强,58,上海,2023-03-23
3940,寇玲,52,武汉,2023-04-18
3941,林红,64,重庆,2024-03-15
3942,充波,65,上海,2024-03-12
3943,平英,35,武汉,2023-08-21
3944,左霞,31,深圳,2023-03-29
3945,任华,52,上海,2023-12-31
3946,郑斌,61,武汉,2024-10-03
3947,包花,58,杭州,2023-01-23
3948,尚萍,24,北京,2023-02-17
3949,耿玲,58,杭州,2025-03-09
3950,燕静,30,广州,2025-01-18
3951,花文,35,武汉,2025-10-20
3952,后强,54,成都,2023-09-25
3953,冀涛,30,南京,2023-05-20
3954,訾晶,53,杭州,2024-10-29
3955,昌刚,48,上海,2024-12-12
3956,艾霞,19,重庆,2025-04-05
3957,养琳,33,南京,2024-07-12
3958,汪强,26,成都,2023-01-06
3959,廉波,26,西安,2023-09-26
3960,逄娟,55,武汉,2025-12-12
3961,益娟,28,重庆,2025-09-19
3962,石琴,39,武汉,2025-09-22
3963,曾毅,50,广州,2025-07-12
3964,班阳,53,成都,2024-11-09
3965,松杰,62,武汉,2024-02-10
3966,晏燕,40,上海,2025-04-27
3967,岑敏,62,广州,2024-09-21
3968,雍海,62,深圳,2024-06-27
3969,晁宁,51,西安,2024-11-25
3970,惠娜,26,成都,2025-02-06
3971,苍杰,41,北京,2025-11-23
3972,仰莲,25,重庆,2023-07-27
3973,翁秀,24,杭州,2025-02-26
3974,危杰,53,武汉,2024-01-01
3975,钱健,35,重庆,2024-03-21
3976,臧彬,20,重庆,2025-11-17
3977,卓云,45,北京,2023-06-18
3978,阚霞,23,北京,2025-05-29
3979,计燕,61,广州,2023-07-26
3980,路杰,61,成都,2023-12-29
3981,成刚,38,上海,2025-08-30
3982,纪敏,45,西安,2024-06-28
3983,暨彬,57,北京,2024-04-22
3984,颜辉,18,北京,2024-04-09
3985,严亮,53,杭州,2023-08-05
3986,狄伟,38,深圳,2023-09-17
3987,耿琴,60,北京,2023-12-26
3988,阎兰,52,深圳,2024-01-06
3989,潘花,30,广州,2025-07-19
3990,雷娟,27,上海,2024-01-28
3991,茹兰,61,重庆,2025-02-25
3992,魏亮,64,北京,2023-01-06
3993,杭宁,27,武汉,2024-01-20
3994,郭辉,63,深圳,2023-05-20
3995,冯宁,30,杭州,2024-09-24
3996,荆琴,54,西安,2023-04-25
3997,闵亮,55,杭州,2023-05-08
3998,伊斌,41,北京,2024-05-15
3999,路健,19,成都,2024-06-12
4000,慎婷,39,重庆,2025-06-07
4001,仇宁,34,上海,2024-05-28
4002,养凤,53,武汉,2023-03-26
4003,毕静,31,成都,2023-11-12
4004,怀浩,27,杭州,2025-08-29
4005,平涛,52,深圳,2023-01-07
4006,桑花,42,深圳,2024-05-31
4007,顾芳,20,成都,2025-07-06
4008,凌彬,64,深圳,2023-10-24
4009,元娜,55,杭州,2024-12-14
4010,慕磊,34,成都,2023-07-30
4011,殷波,29,杭州,2025-08-16
4012,祝晶,41,武汉,2025-02-27
4013,步丽,46,重庆,2024-03-31
4014,乜宁,60,西安,2024-11-01
4015,竺志,42,武汉,2023-11-07
4016,马洁,53,武汉,2024-04-16
4017,褚亮,43,深圳,2024-08-07
4018,郑勇,55,北京,2023-08-19
4019,梁辉,18,南京,2024-09-17
4020,殷海,37,深圳,2024-01-23
4021,周刚,45,北京,2025-06-18
4022,关莉,33,杭州,2025-04-13
4023,阚涛,64,南京,2023-09-07
4024,汤琳,34,深圳,2024-12-08
4025,郦艳,57,南京,2025-06-30
4026,傅兰,45,南京,2025-06-19
4027,司明,29,广州,2025-11-27
4028,金琴,44,重庆,2023-06-13
4029,谭伟,59,广州,2025-09-29
4030,施刚,64,北京,2024-09-29
4031,骆平,47,上海,2025-07-29
4032,邴伟,58,成都,2025-04-21
4033,成明,51,西安,2025-11-20
4034,侯婷,54,上海,2025-01-08
4035,郁萍,23,成都,2023-10-28
4036,隆娜,24,北京,2023-12-03
4037,空阳,49,北京,2023-10-10
4038,齐明,49,杭州,2024-01-05
4039,苗凤,42,西安,2025-04-10
4040,章丽,50,重庆,2024-05-08
4041,包彬,24,南京,2023-08-25
4042,施杰,29,广州,2023-07-10
4043,宓秀,33,广州,2023-01-04
4044,顾婷,33,北京,2023-10-30
4045,阙秀,60,广州,2023-09-30
4046,林娟,53,北京,2025-02-05
4047,凤晶,30,南京,2025-09-16
4048,台晶,24,北京,2024-07-27
4049,强海,53,杭州,2024-05-09
4050,钱龙,64,重庆,2023-05-25
4051,匡斌,26,武汉,2025-09-15
4052,毕娟,49,深圳,2024-04-04
4053,沙艳,28,重庆,2024-08-07
4054,邹健,25,重庆,2025-03-15
4055,侯婷,50,上海,2024-05-13
4056,彭婷,40,西安,2024-08-07
4057,孟凤,42,西安,2025-04-19
4058,柯梅,25,成都,2025-08-28
4059,韶秀,62,深圳,2023-03-11
4060,庾婷,39,南京,2025-12-04
4061,弘超,21,武汉,2025-11-13
4062,松莲,57,武汉,2024-12-20
4063,双莲,20,西安,2024-09-29
4064,闻超,46,重庆,2023-08-29
4065,潘云,58,杭州,2025-09-19
4066,寿飞,46,成都,2024-06-10
4067,奚峰,51,北京,2024-06-17
4068,钱林,51,成都,2025-04-18
4069,冯莲,45,上海,2023-04-26
4070,龙毅,30,成都,2025-01-19
4071,俞毅,32,重庆,2025-04-03
4072,贲莉,40,南京,2024-11-18
4073,汤娟,61,重庆,2023-02-01
4074,殷萍,43,西安,2024-04-02
4075,狄强,21,南京,2025-06-05
4076,红军,43,广州,2024-06-06
4077,勾超,57,南京,2023-01-15
4078,巢飞,26,成都,2025-03-05
4079,车敏,22,成都,2024-05-10
4080,冷华,49,成都,2024-07-25
4081,边阳,37,广州,2025-12-18
4082,别伟,28,西安,2025-05-10
4083,毕婷,32,北京,2025-05-29
4084,云磊,49,深圳,2024-05-10
4085,郑婷,45,西安,2025-04-10
4086,谌阳,39,成都,2025-08-10
4087,后宁,58,西安,2023-06-12
4088,胥英,34,上海,2025-07-02
4089,靳娟,43,武汉,2025-08-16
4090,步鹏,61,武汉,2025-03-27
4091,俞强,24,深圳,2024-06-28
4092,居志,59,深圳,2025-01-28
4093,竺平,43,北京,2024-12-15
4094,时超,42,上海,2025-12-10
4095,山莲,27,重庆,2024-01-22
4096,简晶,62,西安,2023-09-01
4097,桂燕,36,南京,2025-06-14
4098,谈晶,28,南京,2024-07-27
4099,乐静,30,重庆,2025-07-18
4100,乔婷,25,武汉,2023-03-07
4101,后超,57,重庆,2023-12-25
4102,艾明,21,西安,2024-02-08
4103,荀亮,64,上海,2023-07-23
4104,荆亮,48,成都,2024-12-23
4105,聂英,45,广州,2025-11-06
4106,虞艳,28,成都,2024-05-25
4107,邢强,60,广州,2025-01-30
4108,钮玲,18,南京,2024-02-23
4109,娄军,64,深圳,2024-04-18
4110,章秀,55,西安,2023-03-04
4111,缪明,41,成都,2024-10-04
4112,梅刚,64,重庆,2025-01-31
4113,花涛,48,上海,2024-12-08
4114,庄龙,58,上海,2023-02-19
4115,凌刚,63,武汉,2023-04-04
4116,汪明,43,上海,2025-09-07
4117,路健,22,上海,2023-09-05
4118,雍健,37,深圳,2024-02-09
4119,郜强,58,重庆,2023-05-27
4120,万鹏,28,南京,2025-01-22
4121,周琳,50,上海,2024-03-02
4122,梅云,55,南京,2023-09-29
4123,尹琳,44,深圳,2023-06-27
4124,荀婷,51,上海,2023-03-30
4125,冷斌,32,西安,2025-01-30
4126,芮平,49,武汉,2025-04-21
4127,郝健,38,成都,2023-08-04
4128,滑珍,63,西安,2023-04-10
4129,许雪,22,杭州,2025-10-07
4130,邬静,23,北京,2024-07-07
4131,古飞,55,上海,2024-01-16
4132,茅海,39,南京,2025-03-21
4133,越龙,35,北京,2023-01-01
4134,曾平,31,广州,2023-11-17
4135,屠娟,27,上海,2025-03-03
4136,薛霞,63,杭州,2023-09-21
4137,包敏,30,深圳,2024-12-15
4138,简萍,48,武汉,2025-12-18
4139,禹勇,47,杭州,2023-05-20
4140,却丽,20,南京,2023-02-12
4141,王龙,47,深圳,2025-11-02
4142,凌阳,23,成都,2024-03-29
4143,鲁兰,46,深圳,2023-08-24
4144,齐雪,25,上海,2025-06-05
4145,邹珍,61,北京,2025-06-18
4146,左静,62,北京,2024-03-19
4147,柏飞,60,南京,2023-06-14
4148,祖英,61,深圳,2025-03-31
4149,闵琴,50,杭州,2025-12-09
4150,汤健,34,南京,2025-08-15
4151,蓟峰,65,武汉,2023-06-11
4152,林梅,28,南京,2023-07-08
4153,鱼浩,30,南京,2025-06-19
4154,石凤,28,成都,2025-03-17
4155,潘云,48,西安,2023-09-21
4156,暴娟,45,上海,2024-08-30
4157,夔志,61,成都,2023-09-12
4158,衡宁,23,北京,2024-01-24
4159,祝勇,58,北京,2024-11-25
4160,凤洁,33,广州,2025-08-24
4161,于莉,21,广州,2025-08-27
4162,水超,52,杭州,2024-03-15
4163,武峰,65,北京,2025-09-06
4164,刘琴,43,西安,2025-05-18
4165,双丽,29,成都,2024-05-14
4166,葛宁,28,武汉,2025-11-15
4167,方琳,54,西安,2023-11-19
4168,全超,42,广州,2023-11-29
4169,经斌,35,深圳,2024-05-20
4170,宗玲,36,西安,2025-12-27
4171,冷丽,40,西安,2023-09-12
4172,颜敏,55,西安,2024-06-22
4173,贡阳,35,西安,2023-01-03
4174,罗斌,43,西安,2024-06-20
4175,却志,23,广州,2023-12-01
4176,邢毅,21,北京,2023-10-04
4177,诸英,61,南京,2025-01-18
4178,贝涛,46,西安,2023-03-18
4179,卫红,51,西安,2025-10-28
4180,阮磊,34,上海,2023-06-06
4181,滕辉,60,北京,2025-04-28
4182,封鹏,60,南京,2025-06-12
4183,简莉,33,武汉,2025-05-09
4184,松华,19,武汉,2025-04-26
4185,席亮,51,深圳,2023-11-11
4186,华彬,25,重庆,2025-08-19
4187,宓琳,30,成都,2024-02-22
4188,高涛,59,上海,2025-11-18
4189,贲英,25,北京,2024-02-04
4190,叶飞,47,北京,2025-11-09
4191,班晶,49,重庆,2025-07-25
4192,聂艳,53,深圳,2023-01-06
4193,吴磊,64,杭州,2025-02-25
4194,乜斌,47,广州,2024-11-14
4195,禄芳,18,深圳,2023-03-27
4196,邬晶,60,南京,2023-06-20
4197,毕莉,56,深圳,2024-10-14
4198,支海,34,重庆,2025-01-23
4199,沃红,37,重庆,2024-03-04
4200,池浩,41,成都,2023-03-21
4201,费琴,39,上海,2023-08-30
4202,通强,46,西安,2024-05-04
4203,臧波,39,武汉,2023-09-03
4204,勾志,61,重庆,2023-04-07
4205,嵇峰,26,成都,2025-08-22
4206,狄华,54,广州,2023-11-25
4207,寿峰,27,武汉,2023-01-23
4208,左鹏,53,杭州,2024-03-12
4209,胡飞,54,北京,2023-09-13
4210,台梅,45,广州,2023-10-10
4211,靳凤,45,杭州,2024-09-25
4212,翟云,59,武汉,2025-09-29
4213,谌丽,60,广州,2024-02-06
4214,元梅,38,成都,2023-04-17
4215,龚刚,41,杭州,2025-06-07
4216,别刚,59,北京,2023-09-18
4217,班霞,57,西安,2024-06-09
4218,文琴,19,成都,2023-10-28
4219,盛磊,25,南京,2023-05-01
4220,凤文,65,北京,2024-01-23
4221,冯丽,44,上海,2024-09-16
4222,蒲文,39,深圳,2025-11-23
4223,宫华,54,上海,2023-04-02
4224,钟玲,44,重庆,2023-06-10
4225,成莲,46,西安,2023-11-05
4226,滑涛,20,南京,2024-02-02
4227,詹峰,61,南京,2025-12-18
4228,符晶,30,深圳,2024-10-11
4229,步芳,62,杭州,2023-03-17
4230,龚平,27,深圳,2024-12-07
4231,盛娟,53,重庆,2025-07-02
4232,文霞,26,上海,2023-12-31
4233,邴伟,44,南京,2024-07-17
4234,邴伟,51,上海,2025-10-17
4235,沈海,18,北京,2023-04-06
4236,龚兰,49,西安,2023-07-29
4237,康萍,42,广州,2025-06-30
4238,扶玲,46,重庆,2023-05-14
4239,宦艳,24,广州,2025-07-05
4240,严婷,20,重庆,2025-08-14
4241,庾花,37,武汉,2023-11-27
4242,伍娟,37,西安,2024-09-24
4243,支波,47,北京,2023-09-29
4244,茅飞,52,西安,2025-05-30
4245,费文,52,杭州,2023-12-07
4246,寿艳,56,重庆,2023-11-25
4247,公艳,44,广州,2025-06-25
4248,申斌,43,重庆,2024-07-19
4249,祁磊,31,杭州,2024-06-02
4250,沈芳,34,重庆,2025-11-29
4251,易伟,35,西安,2023-03-30
4252,艾健,62,成都,2024-12-02
4253,滑宁,46,重庆,2024-07-24
4254,巢浩,37,武汉,2025-09-19
4255,廖雪,44,武汉,2023-07-06
4256,舒鹏,35,南京,2025-10-18
4257,尹宁,21,武汉,2023-09-23
4258,嵇娜,18,重庆,2025-04-28
4259,严静,18,重庆,2023-05-12
4260,殷文,43,成都,2023-02-28
4261,通军,62,武汉,2023-10-03
4262,祖军,37,上海,2025-02-11
4263,滕红,40,重庆,2023-01-25
4264,顾磊,27,北京,2025-01-12
4265,怀晶,28,北京,2023-05-10
4266,禹丽,58,广州,2024-02-10
4267,印波,58,成都,2025-09-21
4268,水琴,22,杭州,2023-07-30
4269,章华,18,上海,2025-10-11
4270,松娟,34,重庆,2023-09-21
4271,虞玉,39,西安,2025-08-15
4272,时鹏,51,深圳,2023-09-23
4273,吴华,62,深圳,2024-06-16
4274,却军,58,杭州,2025-03-27
4275,宗英,46,南京,2025-10-16
4276,习杰,21,西安,2025-11-22
4277,乔晶,22,深圳,2024-09-11
4278,史志,28,杭州,2023-01-20
4279,杨平,38,深圳,2023-07-16
4280,卓涛,52,成都,2024-09-30
4281,左彬,29,广州,2025-07-12
4282,臧斌,43,南京,2024-05-08
4283,倪磊,36,成都,2024-01-04
4284,鞠辉,62,西安,2024-11-27
4285,江玲,24,杭州,2023-01-25
4286,郎燕,64,上海,2023-10-28
4287,姬娟,24,西安,2024-10-16
4288,荆梅,43,西安,2024-05-26
4289,卓晶,57,武汉,2024-01-23
4290,萧雪,22,上海,2025-09-07
4291,邵洁,38,北京,2023-02-20
4292,苗雪,31,武汉,2024-08-20
4293,毛梅,21,杭州,2025-06-01
4294,仇秀,40,北京,2023-09-08
4295,红艳,59,深圳,2024-06-17
4296,柯志,37,深圳,2024-07-01
4297,裴玲,32,西安,2023-12-28
4298,却凤,62,武汉,2025-01-09
4299,戈浩,46,重庆,2025-06-02
4300,卞平,25,上海,2024-08-02
4301,阮霞,58,北京,2023-04-28
4302,阎洁,65,上海,2024-07-06
4303,杨杰,36,武汉,2023-06-07
4304,管玉,65,西安,2024-05-03
4305,黄萍,56,成都,2023-03-11
4306,水华,63,深圳,2025-02-03
4307,钮婷,45,北京,2024-12-19
4308,虞伟,63,北京,2025-10-12
4309,柯飞,44,杭州,2025-04-13
4310,经浩,21,北京,2024-12-02
4311,却娟,32,武汉,2023-06-08
4312,庞超,52,北京,2025-11-21
4313,盛平,54,北京,2023-03-23
4314,臧刚,18,上海,2023-07-04
4315,颜健,20,西安,2025-08-24
4316,步娜,64,广州,2025-01-01
4317,盖兰,41,北京,2023-10-21
4318,柯涛,44,重庆,2024-11-09
4319,曹英,57,西安,2023-02-06
4320,张梅,53,南京,2025-07-05
4321,鲍浩,51,杭州,2025-08-09
4322,康珍,46,上海,2023-02-03
4323,裴健,41,杭州,2024-05-24
4324,褚芳,41,成都,2023-11-07
4325,衡毅,59,北京,2024-04-20
4326,武婷,21,深圳,2024-04-04
4327,家彬,20,重庆,2023-07-24
4328,双斌,51,上海,2025-04-07
4329,步磊,40,杭州,2025-01-23
4330,詹亮,40,北京,2023-09-26
4331,邴红,62,深圳,2025-08-15
4332,支洁,22,深圳,2025-09-10
4333,云英,48,成都,2025-11-01
4334,茹超,58,西安,2024-01-10
4335,高英,23,重庆,2023-12-26
4336,居亮,54,广州,2025-04-26
4337,龚伟,27,重庆,2023-02-20
4338,成亮,57,成都,2024-05-19
4339,吴军,24,武汉,2023-11-16
4340,管萍,56,西安,2025-01-15
4341,康涛,55,上海,2023-05-20
4342,乜艳,38,西安,2023-10-03
4343,莘毅,37,成都,2025-01-03
4344,巩辉,20,成都,2023-04-06
4345,施强,39,上海,2024-02-26
4346,田辉,64,上海,2025-12-12
4347,经红,21,上海,2025-08-27
4348,敖毅,45,西安,2023-03-30
4349,倪丽,29,北京,2025-09-13
4350,费莉,55,杭州,2025-08-04
4351,毕琴,53,南京,2025-10-02
4352,仇平,64,上海,2024-08-17
4353,胥健,58,杭州,2025-07-02
4354,幸红,22,南京,2023-09-09
4355,昝萍,30,西安,2025-10-15
4356,郎琳,40,杭州,2023-09-20
4357,骆峰,47,上海,2025-04-15
4358,堵华,54,广州,2023-09-16
4359,都飞,42,成都,2025-10-01
4360,章阳,65,杭州,2023-09-29
4361,陶伟,44,深圳,2024-02-29
4362,欧浩,31,深圳,2023-08-19
4363,陆阳,65,杭州,2025-05-30
4364,凤玲,64,上海,2025-04-14
4365,农琳,53,重庆,2024-04-17
4366,霍琴,56,上海,2025-05-07
4367,安毅,33,西安,2025-11-01
4368,岑毅,39,上海,2024-04-22
4369,左娟,38,西安,2024-04-05
4370,鱼龙,38,重庆,2023-12-25
4371,甄磊,25,广州,2025-11-02
4372,颜雪,33,西安,2023-07-23
4373,师莉,48,武汉,2024-10-28
4374,寿勇,59,深圳,2024-12-08
4375,武宁,27,成都,2025-07-22
4376,俞伟,49,深圳,2025-07-08
4377,祖辉,51,西安,2025-11-13
4378,韩娜,26,武汉,2024-08-03
4379,能凤,34,北京,2025-03-04
4380,强毅,28,广州,2023-03-17
4381,逄峰,49,广州,2023-12-23
4382,蓬勇,27,北京,2023-04-27
4383,惠云,39,成都,2025-08-26
4384,裘浩,34,重庆,2024-02-24
4385,危丽,21,南京,2025-09-13
4386,曹花,65,武汉,2025-06-23
4387,山鹏,64,西安,2024-09-27
4388,和雪,42,南京,2023-09-06
4389,别云,38,成都,2024-05-11
4390,慕云,54,重庆,2024-05-10
4391,全华,55,广州,2023-04-13
4392,曹军,18,西安,2023-05-11
4393,计强,42,西安,2023-04-28
4394,尤萍,53,重庆,2024-04-09
4395,谢辉,34,深圳,2025-03-14
4396,戴洁,58,武汉,2024-03-23
4397,羊明,41,重庆,2025-02-07
4398,巢英,19,上海,2025-04-11
4399,毛海,57,上海,2023-11-14
4400,祁琴,32,重庆,2024-09-24
4401,刁花,49,广州,2025-07-04
4402,钱杰,56,重庆,2024-05-26
4403,鄂花,23,杭州,2024-04-16
4404,樊杰,18,成都,2025-04-14
4405,万杰,64,上海,2024-01-15
4406,黄娟,40,南京,2023-07-09
4407,厉伟,56,重庆,2024-02-26
4408,阙梅,34,上海,2023-10-26
4409,缪杰,51,成都,2023-06-20
4410,强杰,58,成都,2025-10-09
4411,蔚志,46,南京,2023-01-29
4412,郁珍,26,西安,2023-10-01
4413,赵莉,30,杭州,2025-01-18
4414,董丽,23,重庆,2025-04-03
4415,张健,23,北京,2023-01-23
4416,越艳,37,重庆,2025-02-09
4417,谈龙,20,西安,2023-11-30
4418,毕军,34,武汉,2024-10-02
4419,田娟,29,深圳,2024-12-24
4420,印莲,65,广州,2023-08-22
4421,闵红,64,西安,2023-06-06
4422,左芳,62,成都,2024-06-24
4423,郁燕,18,北京,2024-12-20
4424,裘丽,34,广州,2024-06-29
4425,娄勇,20,上海,2023-09-06
4426,靳华,43,重庆,2025-12-26
4427,滕英,32,广州,2025-05-25
4428,杨健,53,上海,2024-05-02
4429,查凤,49,深圳,2024-10-05
4430,毛涛,49,上海,2025-05-21
4431,嵇辉,21,北京,2025-11-12
4432,古娟,35,成都,2023-09-14
4433,郁辉,36,西安,2025-07-05
4434,蔚娟,60,南京,2023-07-06
4435,房珍,52,西安,2023-05-27
4436,糜霞,57,西安,2023-09-24
4437,穆健,31,上海,2023-03-19
4438,池艳,50,重庆,2023-11-20
4439,茹波,31,广州,2024-12-03
4440,斜霞,51,南京,2024-12-09
4441,俞阳,21,南京,2025-11-10
4442,隆浩,41,广州,2025-09-23
4443,越平,46,广州,2024-01-31
4444,钟鹏,36,成都,2024-02-27
4445,蓟静,23,北京,2025-04-30
4446,邱浩,50,深圳,2024-08-13
4447,何鹏,57,北京,2024-07-23
4448,温强,36,广州,2024-03-13
4449,薄芳,18,重庆,2024-04-28
4450,蓬娜,22,杭州,2025-02-15
4451,赵辉,44,杭州,2025-11-16
4452,倪娟,33,深圳,2023-06-04
4453,盛磊,23,广州,2024-12-19
4454,饶婷,57,杭州,2025-12-09
4455,巢波,30,深圳,2025-06-20
4456,燕鹏,65,南京,2023-06-07
4457,计阳,52,深圳,2023-01-08
4458,单海,36,南京,2024-05-26
4459,蔚梅,29,成都,2023-12-15
4460,甄彬,33,杭州,2024-06-21
4461,季秀,60,深圳,2024-09-28
4462,霍健,27,深圳,2025-07-20
4463,班玉,42,深圳,2023-07-14
4464,通华,37,重庆,2025-08-12
4465,刘辉,48,深圳,2024-12-27
4466,贺莲,21,重庆,2025-05-08
4467,湛霞,61,西安,2024-02-12
4468,葛珍,40,成都,2023-06-10
4469,易莲,19,西安,2023-05-07
4470,孟玉,39,武汉,2025-02-13
4471,班勇,54,西安,2025-12-13
4472,郁燕,25,广州,2025-01-28
4473,虞娟,24,南京,2023-05-31
4474,单娟,31,广州,2023-12-14
4475,富娟,20,北京,2024-09-05
4476,韩龙,33,西安,2024-10-19
4477,富龙,36,杭州,2023-04-24
4478,汤玉,35,上海,2025-11-04
4479,项婷,33,西安,2024-06-08
4480,鱼敏,25,成都,2024-05-06
4481,逯婷,50,西安,2023-06-08
4482,家浩,29,重庆,2024-07-04
4483,公艳,28,北京,2024-12-23
4484,华强,22,深圳,2025-09-22
4485,娄斌,44,北京,2024-01-07
4486,别亮,29,北京,2023-05-07
4487,钟燕,34,南京,2025-12-30
4488,房军,23,上海,2024-03-15
4489,查飞,50,北京,2025-10-28
4490,祁刚,22,南京,2023-05-24
4491,查婷,45,深圳,2023-06-21
4492,成鹏,31,广州,2024-09-02
4493,易花,22,深圳,2025-11-17
4494,李秀,50,杭州,2025-02-01
4495,巩军,65,北京,2025-05-25
4496,邹勇,58,北京,2023-11-22
4497,阎平,36,广州,2024-09-22
4498,韦涛,39,成都,2025-04-17
4499,凤芳,22,北京,2023-03-18
4500,索洁,19,上海,2023-09-06
4501,金鹏,47,武汉,2023-03-24
4502,封雪,64,北京,2025-02-12
4503,熊艳,56,武汉,2023-08-12
4504,茹莉,21,深圳,2024-06-06
4505,国波,50,西安,2023-11-01
4506,罗杰,30,成都,2025-12-06
4507,滕杰,37,南京,2024-08-07
4508,赖阳,24,重庆,2024-01-20
4509,司霞,32,成都,2024-09-08
4510,阙健,40,重庆,2023-04-28
4511,白娜,31,深圳,2023-10-20
4512,江洁,40,成都,2024-07-11
4513,敖浩,36,南京,2023-06-28
4514,糜婷,46,重庆,2023-07-11
4515,韩娟,37,广州,2025-08-21
4516,鲍芳,46,上海,2023-06-25
4517,边敏,41,成都,2024-05-05
4518,步敏,35,深圳,2025-12-10
4519,单浩,27,北京,2024-02-23
4520,乜红,58,南京,2024-04-04
4521,周峰,25,重庆,2023-08-27
4522,丛峰,43,重庆,2024-09-14
4523,辛云,46,上海,2024-02-28
4524,戚文,27,重庆,2025-10-23
4525,邬琴,34,武汉,2023-11-05
4526,毋娟,19,杭州,2025-12-01
4527,空辉,23,武汉,2023-05-21
4528,公晶,22,重庆,2024-12-23
4529,羊毅,45,南京,2024-10-14
4530,步洁,58,成都,2023-01-30
4531,束健,22,深圳,2023-02-12
4532,阚婷,35,北京,2023-05-24
4533,敖珍,43,成都,2024-12-27
4534,边珍,37,广州,2023-07-19
4535,艾静,58,成都,2025-03-05
4536,张林,44,成都,2025-06-07
4537,巢明,29,深圳,2024-09-22
4538,韦阳,24,上海,2025-03-30
4539,蔚兰,20,重庆,2025-02-25
4540,桓龙,27,上海,2023-09-14
4541,巢军,51,广州,2023-03-06
4542,余琳,42,西安,2023-11-05
4543,富强,52,北京,2025-11-04
4544,茹丽,33,武汉,2024-07-18
4545,许浩,19,北京,2023-09-09
4546,公秀,41,重庆,2023-09-06
4547,戈毅,27,北京,2024-09-24
4548,余丽,55,杭州,2025-05-01
4549,敖洁,39,武汉,2025-10-03
4550,雷涛,43,广州,2024-07-05
4551,阮娟,60,重庆,2024-05-09
4552,蔚萍,56,南京,2023-09-21
4553,汪波,44,广州,2025-02-27
4554,胥磊,46,杭州,2023-04-04
4555,扈文,64,武汉,2023-11-15
4556,东涛,55,深圳,2025-01-18
4557,秦彬,37,杭州,2023-08-13
4558,孙琳,44,广州,2023-01-19
4559,芮斌,58,重庆,2024-12-24
4560,平玲,37,西安,2025-09-09
4561,禹云,61,重庆,2024-07-15
4562,郁秀,36,武汉,2023-09-05
4563,冉海,37,西安,2024-04-18
4564,邹梅,52,上海,2025-04-02
4565,古莉,64,武汉,2024-11-21
4566,柏勇,19,武汉,2023-11-19
4567,屠丽,47,杭州,2024-04-16
4568,酆萍,51,重庆,2025-03-08
4569,严芳,39,广州,2025-11-10
4570,成晶,20,深圳,2024-06-07
4571,杜燕,23,北京,2025-12-25
4572,洪林,32,成都,2025-11-01
4573,乐静,44,深圳,2025-09-20
4574,双林,27,北京,2025-04-05
4575,蒙洁,26,上海,2023-02-26
4576,艾刚,50,广州,2025-10-04
4577,敖健,49,重庆,2023-07-09
4578,束琴,65,南京,2025-12-26
4579,杨斌,23,武汉,2023-11-01
4580,富玲,58,深圳,2023-11-17
4581,缪勇,53,北京,2023-09-11
4582,祁晶,19,南京,2023-02-10
4583,盖明,46,深圳,2024-12-27
4584,白海,21,广州,2025-02-11
4585,郦峰,18,重庆,2024-08-02
4586,柏秀,36,西安,2024-04-10
4587,相彬,43,深圳,2024-10-22
4588,姬婷,42,深圳,2025-08-17
4589,娄军,27,重庆,2025-03-21
4590,尤云,32,上海,2023-11-17
4591,戴梅,39,杭州,2023-11-09
4592,幸玉,65,深圳,2024-01-14
4593,谈毅,38,重庆,2024-04-19
4594,金龙,39,杭州,2024-08-02
4595,姚娜,53,重庆,2023-01-01
4596,隆刚,51,重庆,2025-03-28
4597,韶超,47,上海,2023-03-18
4598,苑燕,42,重庆,2023-07-15
4599,费燕,62,广州,2025-11-25
4600,侯军,45,深圳,2025-01-10
4601,仰彬,18,北京,2025-05-17
4602,宦凤,62,北京,2025-07-10
4603,尹梅,21,北京,2024-12-19
4604,魏明,24,重庆,2023-10-31
4605,郎明,26,南京,2023-02-03
4606,汲海,53,杭州,2025-09-08
4607,王亮,36,杭州,2023-11-27
4608,魏强,18,重庆,2024-01-02
4609,费雪,27,广州,2023-11-08
4610,梅斌,53,广州,2024-04-26
4611,邓鹏,26,武汉,2024-01-12
4612,岑英,62,重庆,2024-03-04
4613,国华,63,成都,2024-08-13
4614,章辉,59,上海,2023-04-26
4615,谭阳,49,北京,2025-09-22
4616,辛娟,49,上海,2023-03-29
4617,计燕,23,北京,2025-04-11
4618,蔡琳,65,西安,2024-07-25
4619,姬莉,55,西安,2023-12-17
4620,弘平,34,重庆,2024-09-12
4621,贾燕,27,西安,2023-12-09
4622,翟强,44,南京,2025-03-28
4623,宣燕,52,武汉,2024-12-06
4624,容红,38,广州,2023-06-18
4625,云毅,42,南京,2024-03-25
4626,倪鹏,45,上海,2023-12-27
4627,查军,64,上海,2025-04-29
4628,钮强,32,西安,2023-12-26
4629,熊琴,21,广州,2023-09-28
4630,谌丽,46,武汉,2023-05-12
4631,褚艳,26,北京,2023-11-15
4632,秦红,44,南京,2024-03-21
4633,尚霞,43,武汉,2025-04-29
4634,葛辉,36,深圳,2024-07-03
4635,连英,45,杭州,2023-07-18
4636,陈洁,34,西安,2024-11-26
4637,宫明,60,北京,2025-12-19
4638,毛雪,58,深圳,2023-01-02
4639,文莲,59,北京,2025-06-03
4640,严敏,37,北京,2025-10-11
4641,翟晶,62,西安,2023-09-05
4642,沈晶,57,北京,2023-02-04
4643,麻龙,56,武汉,2024-10-18
4644,韩花,40,武汉,2023-07-20
4645,容莉,64,深圳,2023-07-21
4646,侯海,49,上海,2023-12-23
4647,方花,64,广州,2025-01-09
4648,蔚莉,50,南京,2025-04-17
4649,双梅,63,南京,2024-03-29
4650,濮雪,22,成都,2025-06-16
4651,滑花,60,西安,2024-10-03
4652,纪毅,65,重庆,2025-07-02
4653,王玉,51,重庆,2023-04-07
4654,夔静,57,深圳,2024-05-25
4655,梁兰,28,北京,2025-04-05
4656,桂敏,20,北京,2024-09-23
4657,宦凤,50,西安,2025-07-04
4658,路玉,28,杭州,2024-01-01
4659,弘军,33,上海,2024-03-08
4660,胡艳,35,成都,2023-05-28
4661,强浩,47,武汉,2025-05-16
4662,武浩,65,北京,2023-11-28
4663,周敏,27,成都,2024-01-02
4664,洪琴,35,南京,2023-10-18
4665,扶波,55,杭州,2023-06-12
4666,魏辉,36,武汉,2025-05-24
4667,连静,53,西安,2023-10-20
4668,秋辉,30,成都,2023-10-02
4669,苑红,63,深圳,2024-01-20
4670,怀明,20,武汉,2023-06-24
4671,慎勇,27,西安,2024-03-20
4672,艾明,55,重庆,2023-03-02
4673,袁杰,18,西安,2024-03-30
4674,隆珍,44,西安,2024-03-05
4675,支刚,63,武汉,2024-02-20
4676,曾强,25,杭州,2024-02-02
4677,饶红,63,武汉,2023-10-05
4678,冯莲,59,广州,2025-07-11
4679,曾志,34,上海,2024-04-17
4680,熊丽,26,杭州,2024-11-10
4681,章丽,23,深圳,2024-10-22
4682,赖明,60,杭州,2023-05-05
4683,祁珍,42,南京,2023-05-05
4684,钮静,56,深圳,2025-10-04
4685,居娟,45,重庆,2023-03-14
4686,梅伟,50,武汉,2024-11-18
4687,莫兰,54,西安,2023-12-06
4688,芮英,26,武汉,2024-03-27
4689,邱杰,35,南京,2023-10-23
4690,崔鹏,38,成都,2023-01-08
4691,郝军,19,南京,2023-06-05
4692,慕海,60,广州,2023-07-31
4693,虞玲,55,西安,2023-10-24
4694,嵇华,57,西安,2023-05-14
4695,养超,53,北京,2024-07-13
4696,公磊,60,成都,2024-08-23
4697,成莲,54,北京,2023-07-07
4698,巢林,32,重庆,2023-11-10
4699,胥志,45,上海,2024-04-11
4700,束兰,35,上海,2023-07-13
4701,路亮,51,武汉,2024-09-22
4702,牛晶,39,上海,2024-01-29
4703,项萍,28,西安,2025-03-05
4704,刘萍,30,南京,2024-07-08
4705,厉花,21,成都,2025-12-30
4706,柳浩,39,武汉,2024-08-24
4707,巢凤,24,武汉,2025-04-04
4708,云莲,60,成都,2024-09-05
4709,索毅,41,西安,2023-02-25
4710,诸秀,21,重庆,2024-03-23
4711,宋玉,45,重庆,2024-09-29
4712,松健,32,武汉,2025-06-06
4713,费龙,18,重庆,2023-11-08
4714,芮志,20,西安,2024-01-09
4715,季兰,31,广州,2025-09-02
4716,虞磊,55,广州,2024-04-06
4717,储云,18,北京,2024-09-18
4718,毕琴,55,杭州,2025-06-25
4719,邵彬,55,深圳,2025-10-30
4720,斜杰,38,上海,2024-08-27
4721,鲍红,65,重庆,2024-03-23
4722,谌花,46,广州,2025-12-08
4723,马林,22,南京,2025-10-11
4724,秦芳,27,成都,2024-03-04
4725,厍磊,45,杭州,2024-05-18
4726,薛娟,38,北京,2023-11-22
4727,山婷,24,深圳,2025-10-06
4728,曲飞,20,广州,2025-04-13
4729,邱斌,62,北京,2025-05-09
4730,干宁,64,杭州,2025-10-13
4731,张宁,37,成都,2024-09-29
4732,单晶,36,上海,2024-10-25
4733,储花,52,广州,2023-04-09
4734,班琳,21,成都,2025-05-27
4735,幸宁,22,深圳,2025-09-26
4736,孟勇,18,重庆,2023-10-26
4737,李娜,21,杭州,2024-01-17
4738,耿洁,29,深圳,2025-07-30
4739,昝雪,44,上海,2024-03-30
4740,籍琳,59,成都,2025-05-23
4741,韦鹏,40,西安,2024-10-19
4742,白敏,42,上海,2024-05-23
4743,郦霞,38,武汉,2023-04-16
4744,管兰,41,广州,2025-04-06
4745,盖勇,42,重庆,2024-11-29
4746,吕波,62,杭州,2023-01-12
4747,蒙珍,63,南京,2025-04-30
4748,宦丽,49,成都,2025-07-06
4749,宣雪,49,西安,2023-04-18
4750,酆红,22,南京,2025-08-21
4751,蓟萍,53,广州,2025-07-06
4752,齐晶,63,广州,2024-11-05
4753,席毅,59,杭州,2025-02-09
4754,茅婷,59,西安,2025-02-02
4755,韦刚,56,广州,2024-07-25
4756,籍伟,33,南京,2025-09-30
4757,晏彬,50,西安,2023-07-13
4758,党伟,38,南京,2024-09-10
4759,薄峰,26,上海,2024-03-15
4760,祁珍,23,深圳,2023-10-19
4761,侯云,62,西安,2023-06-30
4762,费霞,52,北京,2023-05-03
4763,俞浩,56,深圳,2025-12-06
4764,全红,39,深圳,2023-04-13
4765,奚辉,58,西安,2023-01-27
4766,丰峰,22,重庆,2024-11-17
4767,云宁,59,广州,2025-04-05
4768,窦雪,40,上海,2023-03-22
4769,咸红,34,重庆,2024-02-06
4770,斜飞,29,重庆,2025-05-21
4771,巩娟,40,北京,2025-11-09
4772,许丽,33,成都,2024-02-08
4773,辛玲,20,西安,2023-04-20
4774,堵文,47,南京,2024-11-28
4775,易明,39,广州,2024-06-06
4776,倪莉,26,重庆,2023-10-15
4777,计辉,46,上海,2025-10-30
4778,詹阳,64,成都,2024-05-02
4779,黄霞,54,北京,2024-06-21
4780,薛文,40,武汉,2024-11-12
4781,范伟,30,广州,2023-10-29
4782,郗阳,49,武汉,2023-06-28
4783,堵飞,63,深圳,2023-07-04
4784,卜波,64,重庆,2024-06-21
4785,巩秀,65,杭州,2025-12-01
4786,邢文,40,广州,2023-04-19
4787,贲云,62,南京,2025-01-04
4788,国彬,34,成都,2024-11-14
4789,夏彬,57,上海,2025-09-21
4790,徐英,38,广州,2023-10-16
4791,慎秀,19,南京,2024-08-03
4792,杭霞,54,西安,2025-09-06
4793,韦军,23,武汉,2024-01-28
4794,逯梅,61,西安,2024-10-03
4795,仇萍,35,成都,2023-09-07
4796,广丽,47,北京,2025-01-14
4797,元兰,39,重庆,2025-12-06
4798,寇峰,50,广州,2023-04-30
4799,勾燕,47,杭州,2024-10-08
4800,廉艳,34,武汉,2024-06-17
4801,薄娜,60,武汉,2023-09-08
4802,熊鹏,49,广州,2025-08-15
4803,路彬,59,深圳,2025-04-24
4804,储刚,31,西安,2023-07-03
4805,管娜,27,武汉,2024-10-12
4806,支洁,64,南京,2024-01-13
4807,伊洁,53,上海,2023-03-03
4808,季辉,51,重庆,2024-11-02
4809,黎斌,26,武汉,2024-03-14
4810,庾鹏,59,南京,2025-08-04
4811,栾萍,45,成都,2023-02-04
4812,濮刚,28,成都,2024-03-27
4813,毛志,31,重庆,2023-09-26
4814,连婷,56,深圳,2023-04-03
4815,阎宁,64,杭州,2023-12-06
4816,褚静,36,重庆,2025-09-09
4817,訾晶,32,北京,2023-10-11
4818,郁文,45,深圳,2025-02-05
4819,曹峰,41,武汉,2025-05-01
4820,闻杰,25,重庆,2024-03-07
4821,闻莉,60,西安,2025-01-25
4822,曾鹏,26,成都,2023-04-22
4823,时兰,64,南京,2023-05-01
4824,汲刚,50,重庆,2023-09-04
4825,巢伟,50,西安,2025-07-11
4826,尤龙,36,深圳,2024-11-09
4827,郁平,20,北京,2024-08-05
4828,惠敏,27,南京,2023-06-09
4829,乐霞,57,上海,2025-09-10
4830,蒋文,64,北京,2024-01-07
4831,巩强,59,武汉,2023-08-15
4832,危亮,18,西安,2023-08-02
4833,嵇婷,46,重庆,2024-04-25
4834,查莉,51,重庆,2023-08-29
4835,葛磊,30,广州,2023-03-14
4836,索芳,18,成都,2025-05-23
4837,王军,51,武汉,2023-03-23
4838,关玲,46,西安,2023-03-12
4839,充玉,65,重庆,2024-05-13
4840,管云,64,上海,2024-04-29
4841,后鹏,30,南京,2025-09-06
4842,江玲,65,武汉,2024-02-09
4843,马琴,46,深圳,2023-04-19
4844,寿洁,56,上海,2025-08-20
4845,徐静,41,南京,2024-03-10
4846,伏莲,43,杭州,2024-01-09
4847,颜霞,34,成都,2024-09-19
4848,冷超,24,武汉,2023-11-02
4849,冯花,30,西安,2025-10-26
4850,羊琳,22,北京,2023-08-18
4851,贡浩,43,南京,2025-06-19
4852,成超,20,深圳,2024-07-18
4853,茅凤,24,重庆,2025-01-07
4854,幸文,56,北京,2024-06-03
4855,霍婷,18,上海,2025-01-02
4856,慎军,34,成都,2024-09-28
4857,宰涛,60,西安,2023-06-23
4858,薄磊,42,北京,2024-12-06
4859,滕秀,20,深圳,2023-06-12
4860,龙强,32,南京,2024-05-23
4861,苑红,46,西安,2024-04-28
4862,靳花,60,杭州,2023-03-28
4863,干强,49,重庆,2025-05-01
4864,昝莉,43,成都,2024-10-08
4865,孙燕,33,北京,2023-06-27
4866,狄莲,42,成都,2023-07-24
4867,台琴,45,成都,2024-05-10
4868,熊娟,26,成都,2023-11-06
4869,阚云,18,南京,2023-12-25
4870,扶毅,46,成都,2025-07-08
4871,凤燕,39,杭州,2024-02-06
4872,章婷,33,上海,2024-09-23
4873,盖杰,58,深圳,2023-01-25
4874,池杰,61,西安,2024-05-21
4875,邵莉,58,杭州,2024-08-26
4876,袁彬,24,西安,2025-09-03
4877,车雪,31,深圳,2023-09-27
4878,古婷,46,上海,2025-05-29
4879,游洁,36,武汉,2023-11-29
4880,周丽,36,西安,2025-02-04
4881,郗花,19,西安,2024-09-14
4882,利云,58,上海,2024-09-11
4883,管珍,62,北京,2023-08-10
4884,耿勇,32,杭州,2025-01-12
4885,钟海,20,北京,2025-12-27
4886,习云,28,北京,2023-11-19
4887,阎英,63,北京,2023-12-23
4888,武毅,47,成都,2024-06-23
4889,房杰,57,重庆,2023-05-11
4890,阴芳,35,西安,2025-06-05
4891,支雪,65,北京,2024-05-28
4892,郝静,19,杭州,2025-07-22
4893,孙燕,49,重庆,2023-07-09
4894,和飞,25,重庆,2023-06-19
4895,鲁兰,39,北京,2024-07-28
4896,鲁志,23,南京,2023-12-31
4897,景磊,29,北京,2025-10-28
4898,邓峰,64,南京,2024-12-01
4899,易毅,57,北京,2025-07-23
4900,萧霞,53,杭州,2023-01-17
4901,侯凤,32,南京,2024-05-29
4902,向晶,45,成都,2023-02-18
4903,蓝磊,62,重庆,2024-11-05
4904,温军,35,北京,2023-02-12
4905,丰辉,19,重庆,2024-06-17
4906,卜珍,30,北京,2024-09-05
4907,苗海,62,西安,2024-08-09
4908,乔兰,32,西安,2023-10-19
4909,牛玉,37,广州,2024-06-25
4910,蒯玲,46,北京,2025-11-21
4911,齐海,59,广州,2024-11-02
4912,茅磊,46,上海,2024-04-13
4913,习勇,20,上海,2024-06-20
4914,皮莉,36,重庆,2023-03-19
4915,赵静,20,南京,2024-09-06
4916,严平,31,北京,2023-09-06
4917,秋娜,57,深圳,2024-08-21
4918,束霞,21,北京,2024-12-16
4919,丛明,28,北京,2025-04-08
4920,冉洁,48,深圳,2023-11-20
4921,陆凤,60,上海,2023-08-01
4922,霍云,49,广州,2023-02-08
4923,云杰,44,重庆,2024-03-12
4924,廖燕,47,上海,2024-01-05
4925,殷莲,60,深圳,2025-05-22
4926,伊燕,19,北京,2023-06-24
4927,杜刚,26,上海,2025-10-28
4928,郗雪,45,杭州,2023-04-23
4929,蒋莉,48,西安,2023-06-21
4930,刘花,51,北京,2023-06-16
4931,车志,32,武汉,2024-02-12
4932,冉超,65,深圳,2025-12-05
4933,龚毅,42,成都,2023-07-17
4934,红涛,53,南京,2025-11-01
4935,伊云,25,成都,2024-08-30
4936,尹健,26,上海,2025-11-11
4937,凌丽,54,北京,2024-09-13
4938,崔云,65,南京,2023-11-19
4939,郑敏,62,南京,2025-07-29
4940,都琴,56,重庆,2025-06-27
4941,司敏,49,成都,2024-09-02
4942,勾红,34,北京,2023-11-17
4943,古健,52,重庆,2024-11-09
4944,杨秀,54,广州,2023-12-17
4945,戈英,36,成都,2023-10-22
4946,伍花,61,西安,2025-09-13
4947,都强,46,西安,2023-06-13
4948,吉志,24,重庆,2025-02-19
4949,饶飞,45,广州,2023-12-01
4950,关林,26,杭州,2024-10-01
4951,薛波,45,杭州,2025-05-14
4952,鲍浩,23,西安,2023-12-09
4953,终斌,46,武汉,2024-08-06
4954,韦莉,34,深圳,2025-07-31
4955,尹斌,33,深圳,2023-06-07
4956,殳娟,40,武汉,2025-12-27
4957,那彬,48,重庆,2025-04-26
4958,冀云,20,深圳,2024-09-27
4959,王梅,38,深圳,2025-07-06
4960,阙磊,43,成都,2023-01-08
4961,萧宁,53,成都,2025-12-04
4962,贾杰,59,武汉,2023-07-02
4963,宫辉,54,北京,2023-12-14
4964,慕飞,39,广州,2023-05-22
4965,索雪,59,重庆,2025-06-30
4966,庾鹏,29,成都,2025-08-07
4967,江丽,59,成都,2024-12-15
4968,应珍,30,杭州,2024-08-05
4969,勾健,28,广州,2023-12-12
4970,符军,33,杭州,2024-03-04
4971,彭宁,25,北京,2024-06-26
4972,奚斌,57,广州,2025-01-16
4973,农龙,57,深圳,2025-07-19
4974,齐涛,62,杭州,2023-10-02
4975,终娟,19,西安,2023-07-25
4976,苏鹏,47,重庆,2023-09-09
4977,越宁,47,深圳,2024-02-16
4978,逯鹏,29,广州,2024-07-13
4979,华燕,27,西安,2023-10-12
4980,林辉,61,北京,2025-01-13
4981,汤梅,28,西安,2024-09-21
4982,戴辉,32,成都,2025-01-21
4983,湛鹏,33,武汉,2023-07-14
4984,席红,34,西安,2025-01-30
4985,郎凤,43,南京,2024-12-08
4986,通凤,19,北京,2023-08-05
4987,居艳,29,深圳,2024-09-20
4988,戈强,43,杭州,2025-08-01
4989,燕婷,40,上海,2025-02-08
4990,莘飞,35,北京,2025-06-14
4991,郗琴,49,南京,2023-04-21
4992,夔玲,55,成都,2023-02-27
4993,宗静,64,杭州,2024-09-04
4994,卓辉,20,重庆,2024-05-15
4995,臧红,55,上海,2024-09-01
4996,朱平,20,西安,2023-01-08
4997,文阳,47,南京,2024-02-12
4998,汤珍,18,西安,2024-10-06
4999,管珍,47,重庆,2025-12-28
5000,嵇斌,62,北京,2025-04-23
